user_id,cohort_month,acquisition_channel,plan,cac,month_0_rev,month_1_rev,month_2_rev,month_3_rev,month_4_rev,month_5_rev,is_churned
1,2023-07,paid_search,basic,61.57,9.63,10.17,9.34,10.28,9.41,9.85,0
2,2024-03,organic,free,34.49,0.0,0.0,0.0,0.0,0.0,0.0,0
3,2023-11,organic,basic,49.3,10.18,10.12,10.51,10.82,10.24,9.81,0
4,2023-08,social,basic,54.58,9.04,0.0,0.0,0.0,0.0,0.0,1
5,2023-07,referral,basic,10.88,10.65,9.95,9.97,10.01,10.21,10.23,0
6,2023-11,paid_search,basic,45.84,9.86,9.94,9.69,9.64,9.63,9.93,0
7,2023-11,organic,basic,58.2,9.54,8.54,9.8,9.37,10.04,9.69,0
8,2023-04,organic,pro,17.55,30.67,28.26,27.36,29.85,29.37,28.01,0
9,2023-08,organic,free,63.55,0.0,0.0,0.0,0.0,0.0,0.0,0
10,2023-03,referral,pro,48.78,31.15,28.49,28.86,31.45,30.76,28.34,0
11,2023-02,organic,free,76.42,0.0,0.0,0.0,0.0,0.0,0.0,0
12,2023-12,paid_search,free,8.18,0.0,0.0,0.0,0.0,0.0,0.0,0
13,2023-06,organic,free,24.9,0.0,0.0,0.0,0.0,0.0,0.0,0
14,2023-02,paid_search,free,50.12,0.0,0.0,0.0,0.0,0.0,0.0,0
15,2023-01,paid_search,basic,27.24,9.82,9.39,10.44,10.44,10.9,11.13,0
16,2023-12,social,basic,58.58,9.68,10.35,9.05,10.08,10.2,9.51,0
17,2023-12,organic,basic,61.93,9.65,10.44,10.22,10.82,10.75,9.16,0
18,2024-05,organic,basic,12.69,9.73,9.47,10.37,10.13,9.5,0.0,1
19,2023-10,organic,free,43.54,0.0,0.0,0.0,0.0,0.0,0.0,0
20,2024-04,referral,free,43.17,0.0,0.0,0.0,0.0,0.0,0.0,0
21,2024-03,social,free,32.7,0.0,0.0,0.0,0.0,0.0,0.0,0
22,2024-03,paid_search,free,74.97,0.0,0.0,0.0,0.0,0.0,0.0,0
23,2023-12,paid_search,free,67.06,0.0,0.0,0.0,0.0,0.0,0.0,0
24,2023-03,paid_search,free,57.29,0.0,0.0,0.0,0.0,0.0,0.0,0
25,2023-05,organic,basic,58.57,9.57,10.61,9.78,0.0,0.0,0.0,1
26,2023-07,referral,basic,39.63,8.98,9.46,10.94,10.49,9.36,0.0,1
27,2023-09,paid_search,pro,74.07,30.27,31.4,27.49,31.58,30.65,28.89,0
28,2023-07,organic,pro,57.09,30.89,30.44,30.54,30.21,0.0,0.0,1
29,2024-06,paid_search,basic,59.67,9.55,9.63,9.87,10.01,10.32,10.96,0
30,2023-04,organic,free,69.63,0.0,0.0,0.0,0.0,0.0,0.0,0
31,2024-02,organic,basic,25.56,10.11,10.31,10.43,10.35,0.0,0.0,1
32,2024-06,social,basic,65.53,9.53,10.67,0.0,0.0,0.0,0.0,1
33,2023-09,organic,free,19.64,0.0,0.0,0.0,0.0,0.0,0.0,0
34,2023-02,paid_search,free,30.9,0.0,0.0,0.0,0.0,0.0,0.0,0
35,2024-03,organic,pro,30.17,31.74,30.19,28.7,30.04,27.65,32.24,0
36,2023-07,organic,free,78.39,0.0,0.0,0.0,0.0,0.0,0.0,0
37,2023-12,organic,basic,69.24,9.68,9.85,10.7,8.75,10.63,10.16,0
38,2023-08,organic,basic,57.59,10.83,9.52,10.16,9.52,10.54,10.52,0
39,2024-03,social,free,59.53,0.0,0.0,0.0,0.0,0.0,0.0,0
40,2023-03,organic,free,47.16,0.0,0.0,0.0,0.0,0.0,0.0,0
41,2024-02,paid_search,free,76.03,0.0,0.0,0.0,0.0,0.0,0.0,0
42,2024-05,paid_search,free,42.22,0.0,0.0,0.0,0.0,0.0,0.0,0
43,2023-04,paid_search,free,33.54,0.0,0.0,0.0,0.0,0.0,0.0,0
44,2024-06,referral,pro,17.23,32.63,29.99,33.12,28.47,29.91,28.52,0
45,2023-08,social,free,63.97,0.0,0.0,0.0,0.0,0.0,0.0,0
46,2023-04,organic,basic,60.08,10.09,9.54,10.54,0.0,0.0,0.0,1
47,2023-02,organic,free,33.83,0.0,0.0,0.0,0.0,0.0,0.0,0
48,2023-06,organic,pro,6.89,30.7,28.35,31.24,32.37,30.85,27.94,0
49,2023-10,paid_search,free,67.92,0.0,0.0,0.0,0.0,0.0,0.0,0
50,2023-04,organic,free,5.86,0.0,0.0,0.0,0.0,0.0,0.0,0
51,2024-06,paid_search,pro,57.78,29.77,31.05,0.0,0.0,0.0,0.0,1
52,2023-12,paid_search,pro,77.77,29.63,28.45,31.83,29.56,32.38,29.21,0
53,2023-02,organic,free,37.82,0.0,0.0,0.0,0.0,0.0,0.0,0
54,2023-10,social,pro,22.62,29.48,29.1,29.74,30.68,28.52,28.26,0
55,2023-04,organic,free,57.87,0.0,0.0,0.0,0.0,0.0,0.0,0
56,2024-02,organic,free,66.28,0.0,0.0,0.0,0.0,0.0,0.0,0
57,2024-04,social,free,45.98,0.0,0.0,0.0,0.0,0.0,0.0,0
58,2024-03,paid_search,free,77.53,0.0,0.0,0.0,0.0,0.0,0.0,0
59,2023-08,paid_search,basic,8.88,9.15,9.09,9.31,9.73,10.08,10.19,0
60,2024-02,paid_search,free,42.86,0.0,0.0,0.0,0.0,0.0,0.0,0
61,2023-08,organic,free,58.88,0.0,0.0,0.0,0.0,0.0,0.0,0
62,2024-04,social,basic,69.7,10.06,10.71,10.89,9.85,9.51,11.07,0
63,2024-01,social,basic,18.44,10.58,10.54,9.71,10.42,10.06,9.95,0
64,2024-06,paid_search,free,65.0,0.0,0.0,0.0,0.0,0.0,0.0,0
65,2024-03,organic,basic,46.45,9.95,10.24,10.73,11.12,9.79,10.09,0
66,2024-01,paid_search,free,34.74,0.0,0.0,0.0,0.0,0.0,0.0,0
67,2023-09,organic,basic,14.88,9.94,10.21,8.73,9.88,11.01,9.65,0
68,2024-03,organic,basic,69.9,9.79,9.72,9.92,9.34,9.72,0.0,1
69,2024-01,referral,pro,16.8,30.63,30.62,30.37,32.07,30.69,32.01,0
70,2023-01,organic,free,28.23,0.0,0.0,0.0,0.0,0.0,0.0,0
71,2023-07,referral,free,26.75,0.0,0.0,0.0,0.0,0.0,0.0,0
72,2023-09,paid_search,free,70.36,0.0,0.0,0.0,0.0,0.0,0.0,0
73,2023-01,organic,free,55.45,0.0,0.0,0.0,0.0,0.0,0.0,0
74,2023-12,paid_search,free,64.75,0.0,0.0,0.0,0.0,0.0,0.0,0
75,2023-08,social,pro,23.79,33.4,31.32,28.06,30.43,30.2,32.37,0
76,2023-11,social,free,51.87,0.0,0.0,0.0,0.0,0.0,0.0,0
77,2024-05,social,free,47.88,0.0,0.0,0.0,0.0,0.0,0.0,0
78,2023-08,paid_search,basic,67.46,9.93,9.59,9.75,0.0,0.0,0.0,1
79,2023-03,paid_search,free,72.96,0.0,0.0,0.0,0.0,0.0,0.0,0
80,2023-03,social,basic,5.91,9.36,8.53,11.02,10.0,0.0,0.0,1
81,2023-01,organic,free,55.55,0.0,0.0,0.0,0.0,0.0,0.0,0
82,2023-05,paid_search,free,8.89,0.0,0.0,0.0,0.0,0.0,0.0,0
83,2023-10,organic,free,46.16,0.0,0.0,0.0,0.0,0.0,0.0,0
84,2023-07,referral,free,26.57,0.0,0.0,0.0,0.0,0.0,0.0,0
85,2023-09,referral,pro,28.01,28.23,32.53,32.83,30.25,27.99,29.31,0
86,2023-07,organic,free,31.47,0.0,0.0,0.0,0.0,0.0,0.0,0
87,2023-09,social,basic,51.6,9.88,10.02,9.46,10.48,8.94,0.0,1
88,2023-08,referral,free,30.05,0.0,0.0,0.0,0.0,0.0,0.0,0
89,2023-12,organic,free,59.95,0.0,0.0,0.0,0.0,0.0,0.0,0
90,2023-02,paid_search,pro,35.34,31.72,32.07,29.45,29.89,32.28,30.99,0
91,2023-01,referral,free,10.13,0.0,0.0,0.0,0.0,0.0,0.0,0
92,2024-04,organic,basic,63.78,9.83,9.88,10.25,10.96,9.9,9.81,0
93,2023-05,paid_search,pro,26.43,30.06,30.07,30.47,29.9,31.82,28.68,0
94,2023-03,organic,basic,37.46,10.21,10.23,0.0,0.0,0.0,0.0,1
95,2023-12,referral,pro,56.41,28.8,30.63,30.74,26.25,28.54,32.43,0
96,2023-08,referral,free,29.93,0.0,0.0,0.0,0.0,0.0,0.0,0
97,2023-03,referral,free,9.24,0.0,0.0,0.0,0.0,0.0,0.0,0
98,2023-01,paid_search,free,33.04,0.0,0.0,0.0,0.0,0.0,0.0,0
99,2023-03,social,basic,75.83,9.7,9.4,9.08,9.46,9.94,9.37,0
100,2023-05,social,pro,53.13,31.01,0.0,0.0,0.0,0.0,0.0,1
101,2024-03,organic,free,55.36,0.0,0.0,0.0,0.0,0.0,0.0,0
102,2024-02,social,basic,52.42,9.58,10.16,10.71,10.68,10.15,9.43,0
103,2023-03,organic,free,19.92,0.0,0.0,0.0,0.0,0.0,0.0,0
104,2023-01,paid_search,basic,36.38,9.97,10.16,11.24,0.0,0.0,0.0,1
105,2023-05,organic,free,61.32,0.0,0.0,0.0,0.0,0.0,0.0,0
106,2024-02,organic,pro,12.6,27.23,29.94,0.0,0.0,0.0,0.0,1
107,2023-07,organic,basic,25.84,10.31,10.05,10.11,9.61,10.47,10.02,1
108,2023-09,paid_search,free,25.72,0.0,0.0,0.0,0.0,0.0,0.0,0
109,2024-03,organic,free,37.4,0.0,0.0,0.0,0.0,0.0,0.0,0
110,2024-03,social,free,78.53,0.0,0.0,0.0,0.0,0.0,0.0,0
111,2023-10,organic,free,10.06,0.0,0.0,0.0,0.0,0.0,0.0,0
112,2024-01,organic,free,43.9,0.0,0.0,0.0,0.0,0.0,0.0,0
113,2023-07,paid_search,pro,18.45,30.33,31.6,29.54,31.96,28.09,30.42,0
114,2024-05,social,basic,77.8,9.58,9.46,10.95,9.38,10.03,9.34,0
115,2023-04,organic,basic,13.5,10.61,0.0,0.0,0.0,0.0,0.0,1
116,2023-05,paid_search,free,35.27,0.0,0.0,0.0,0.0,0.0,0.0,0
117,2023-07,social,pro,60.34,29.4,31.59,30.9,0.0,0.0,0.0,1
118,2024-01,paid_search,basic,57.84,11.14,9.25,9.5,10.49,0.0,0.0,1
119,2024-03,organic,free,36.7,0.0,0.0,0.0,0.0,0.0,0.0,0
120,2023-11,organic,basic,30.99,10.16,9.88,11.01,9.99,9.6,10.53,0
121,2023-04,social,basic,34.82,10.01,10.05,10.34,10.36,9.5,9.85,0
122,2024-01,organic,free,24.82,0.0,0.0,0.0,0.0,0.0,0.0,0
123,2023-07,social,free,20.4,0.0,0.0,0.0,0.0,0.0,0.0,0
124,2023-02,paid_search,free,41.23,0.0,0.0,0.0,0.0,0.0,0.0,0
125,2023-10,referral,free,25.14,0.0,0.0,0.0,0.0,0.0,0.0,0
126,2024-01,social,pro,26.56,27.93,30.52,32.84,28.57,27.68,29.04,0
127,2023-06,referral,pro,54.26,29.64,31.11,29.48,30.54,29.24,29.72,0
128,2023-12,organic,basic,77.64,9.58,9.43,10.38,9.77,10.21,9.58,0
129,2023-12,social,free,50.27,0.0,0.0,0.0,0.0,0.0,0.0,0
130,2023-11,paid_search,free,10.77,0.0,0.0,0.0,0.0,0.0,0.0,0
131,2023-07,paid_search,basic,10.67,9.99,8.95,9.81,9.63,10.59,9.36,0
132,2023-01,paid_search,basic,76.36,9.92,10.16,10.5,10.43,9.96,0.0,1
133,2023-01,social,free,27.3,0.0,0.0,0.0,0.0,0.0,0.0,0
134,2024-01,referral,basic,11.91,10.03,10.59,9.95,10.08,10.6,11.23,0
135,2023-09,social,pro,49.93,30.39,30.79,31.25,31.82,31.58,29.13,0
136,2023-03,paid_search,free,51.77,0.0,0.0,0.0,0.0,0.0,0.0,0
137,2023-07,paid_search,free,53.64,0.0,0.0,0.0,0.0,0.0,0.0,0
138,2023-06,social,basic,25.06,10.16,10.52,10.72,9.92,10.14,10.2,0
139,2023-08,organic,free,6.13,0.0,0.0,0.0,0.0,0.0,0.0,0
140,2023-09,organic,free,77.38,0.0,0.0,0.0,0.0,0.0,0.0,0
141,2023-05,organic,free,23.82,0.0,0.0,0.0,0.0,0.0,0.0,0
142,2023-01,organic,free,55.7,0.0,0.0,0.0,0.0,0.0,0.0,0
143,2023-10,organic,basic,58.0,10.01,10.13,8.92,11.61,11.14,9.9,0
144,2023-12,organic,basic,50.75,9.94,9.17,9.1,10.24,10.52,10.42,0
145,2024-03,organic,free,28.47,0.0,0.0,0.0,0.0,0.0,0.0,0
146,2023-09,organic,pro,25.33,28.75,31.18,29.81,29.43,27.97,0.0,1
147,2024-05,referral,pro,49.83,28.92,30.77,30.47,30.24,26.73,30.26,0
148,2024-05,paid_search,pro,69.96,29.11,30.48,31.87,29.32,30.15,33.05,0
149,2023-12,organic,free,76.01,0.0,0.0,0.0,0.0,0.0,0.0,0
150,2023-07,paid_search,free,12.94,0.0,0.0,0.0,0.0,0.0,0.0,0
151,2023-02,organic,pro,16.61,30.41,29.96,28.77,31.22,28.53,0.0,1
152,2023-03,referral,basic,75.86,10.64,10.32,9.71,9.6,9.61,9.11,0
153,2024-05,social,free,60.24,0.0,0.0,0.0,0.0,0.0,0.0,0
154,2023-05,organic,free,71.22,0.0,0.0,0.0,0.0,0.0,0.0,0
155,2024-05,paid_search,free,20.2,0.0,0.0,0.0,0.0,0.0,0.0,0
156,2024-05,social,pro,49.07,30.7,26.88,29.86,29.76,29.5,30.69,0
157,2024-05,referral,basic,57.59,9.71,10.08,10.64,10.28,9.78,9.99,0
158,2023-02,paid_search,free,56.01,0.0,0.0,0.0,0.0,0.0,0.0,0
159,2023-02,paid_search,free,35.61,0.0,0.0,0.0,0.0,0.0,0.0,0
160,2023-05,organic,basic,6.15,9.83,9.91,10.1,9.3,9.19,9.54,0
161,2023-01,referral,pro,48.72,30.76,30.97,31.21,28.71,30.14,29.42,0
162,2023-01,organic,free,23.98,0.0,0.0,0.0,0.0,0.0,0.0,0
163,2023-02,referral,basic,38.77,9.93,9.79,10.12,9.66,10.58,10.58,0
164,2023-12,paid_search,pro,76.82,30.71,31.54,27.86,31.85,30.56,29.07,0
165,2023-06,paid_search,free,34.93,0.0,0.0,0.0,0.0,0.0,0.0,0
166,2023-04,paid_search,basic,67.99,9.64,10.79,10.4,9.92,9.27,10.64,1
167,2023-11,organic,free,19.14,0.0,0.0,0.0,0.0,0.0,0.0,0
168,2024-05,organic,basic,55.43,9.44,9.81,9.91,9.63,9.89,9.99,0
169,2023-06,organic,basic,78.28,9.88,10.15,10.82,9.3,10.07,9.44,0
170,2023-05,organic,basic,12.64,9.25,10.46,0.0,0.0,0.0,0.0,1
171,2023-02,social,basic,5.62,10.11,9.22,9.89,9.07,9.55,8.89,0
172,2023-06,organic,free,37.52,0.0,0.0,0.0,0.0,0.0,0.0,0
173,2023-11,organic,pro,11.95,29.75,31.03,30.86,29.4,31.49,32.08,0
174,2024-04,referral,basic,61.13,10.34,9.71,9.93,10.8,9.83,10.28,0
175,2024-04,social,free,73.59,0.0,0.0,0.0,0.0,0.0,0.0,0
176,2023-01,referral,basic,37.55,9.62,10.49,9.57,9.95,10.26,10.92,0
177,2023-09,referral,basic,24.4,10.1,9.86,0.0,0.0,0.0,0.0,1
178,2023-06,organic,free,37.58,0.0,0.0,0.0,0.0,0.0,0.0,0
179,2024-04,organic,pro,59.26,29.49,31.43,30.68,31.0,32.28,30.08,0
180,2023-03,social,pro,5.68,30.57,29.47,28.83,29.09,26.41,30.8,0
181,2023-04,paid_search,free,49.21,0.0,0.0,0.0,0.0,0.0,0.0,0
182,2023-03,organic,pro,51.0,30.63,30.76,28.74,29.12,29.07,31.66,0
183,2023-07,social,free,52.83,0.0,0.0,0.0,0.0,0.0,0.0,0
184,2023-09,organic,free,23.15,0.0,0.0,0.0,0.0,0.0,0.0,0
185,2023-01,organic,free,58.55,0.0,0.0,0.0,0.0,0.0,0.0,0
186,2023-08,paid_search,pro,11.85,30.27,30.06,31.14,29.08,30.53,33.01,0
187,2023-07,paid_search,basic,19.95,10.63,10.16,10.03,10.24,10.71,10.67,0
188,2024-06,paid_search,free,70.81,0.0,0.0,0.0,0.0,0.0,0.0,0
189,2023-08,organic,free,60.4,0.0,0.0,0.0,0.0,0.0,0.0,0
190,2023-01,social,basic,6.03,10.81,10.11,8.95,10.95,9.6,9.0,0
191,2023-11,organic,free,23.63,0.0,0.0,0.0,0.0,0.0,0.0,0
192,2024-06,organic,pro,21.08,31.12,26.89,30.03,26.87,29.51,0.0,1
193,2023-10,social,pro,25.31,32.45,30.53,30.02,30.7,25.93,29.05,0
194,2023-03,referral,basic,23.57,9.75,10.31,9.5,0.0,0.0,0.0,1
195,2023-07,social,pro,9.69,30.29,29.87,29.12,29.21,29.86,27.21,0
196,2024-04,social,free,39.42,0.0,0.0,0.0,0.0,0.0,0.0,0
197,2024-04,paid_search,pro,59.96,31.16,28.82,29.6,32.39,31.19,28.26,0
198,2024-05,paid_search,basic,50.5,8.57,10.25,0.0,0.0,0.0,0.0,1
199,2023-02,organic,basic,55.47,9.88,10.09,10.37,10.46,9.78,9.94,0
200,2023-01,paid_search,free,11.09,0.0,0.0,0.0,0.0,0.0,0.0,0
201,2024-04,organic,pro,76.36,30.58,30.68,30.28,32.18,30.66,31.11,0
202,2023-12,organic,free,67.89,0.0,0.0,0.0,0.0,0.0,0.0,0
203,2023-05,social,free,65.38,0.0,0.0,0.0,0.0,0.0,0.0,0
204,2023-05,paid_search,free,66.72,0.0,0.0,0.0,0.0,0.0,0.0,0
205,2023-09,organic,basic,74.95,10.13,9.49,9.67,9.4,10.52,9.22,0
206,2023-09,organic,basic,45.82,9.92,0.0,0.0,0.0,0.0,0.0,1
207,2023-03,paid_search,basic,20.02,9.81,8.99,9.8,9.84,10.83,0.0,1
208,2024-04,organic,pro,51.26,27.12,31.96,29.65,31.28,30.11,28.34,0
209,2024-04,social,free,60.72,0.0,0.0,0.0,0.0,0.0,0.0,0
210,2023-03,paid_search,basic,60.34,10.7,10.61,9.47,10.29,9.7,0.0,1
211,2023-01,paid_search,free,44.11,0.0,0.0,0.0,0.0,0.0,0.0,0
212,2023-11,paid_search,pro,10.13,27.74,28.82,32.02,31.32,29.55,32.02,0
213,2024-05,social,pro,32.83,31.71,28.82,32.43,29.43,29.63,27.16,0
214,2023-08,organic,basic,74.06,9.69,9.92,10.14,9.44,9.62,10.82,1
215,2023-04,paid_search,basic,48.83,10.52,0.0,0.0,0.0,0.0,0.0,1
216,2023-06,paid_search,free,45.37,0.0,0.0,0.0,0.0,0.0,0.0,0
217,2023-08,organic,free,25.16,0.0,0.0,0.0,0.0,0.0,0.0,0
218,2023-03,social,pro,32.63,31.9,29.91,30.5,30.92,32.45,27.71,0
219,2024-04,social,free,72.15,0.0,0.0,0.0,0.0,0.0,0.0,0
220,2023-03,paid_search,free,54.98,0.0,0.0,0.0,0.0,0.0,0.0,0
221,2024-06,social,free,64.05,0.0,0.0,0.0,0.0,0.0,0.0,0
222,2024-02,social,pro,39.08,26.05,29.22,30.36,30.12,28.87,30.78,0
223,2024-06,social,free,52.27,0.0,0.0,0.0,0.0,0.0,0.0,0
224,2023-02,social,free,23.63,0.0,0.0,0.0,0.0,0.0,0.0,0
225,2023-03,paid_search,basic,57.91,9.75,0.0,0.0,0.0,0.0,0.0,1
226,2024-04,paid_search,pro,37.07,30.01,30.71,29.34,31.18,31.47,28.92,0
227,2023-09,paid_search,free,38.19,0.0,0.0,0.0,0.0,0.0,0.0,0
228,2023-04,social,free,53.7,0.0,0.0,0.0,0.0,0.0,0.0,0
229,2023-01,organic,free,75.22,0.0,0.0,0.0,0.0,0.0,0.0,0
230,2023-04,social,free,9.8,0.0,0.0,0.0,0.0,0.0,0.0,0
231,2023-01,social,free,66.86,0.0,0.0,0.0,0.0,0.0,0.0,0
232,2024-02,organic,basic,26.93,9.75,9.51,9.99,10.14,10.9,9.82,1
233,2024-04,social,basic,38.29,10.13,9.74,9.75,10.17,9.78,9.96,1
234,2023-08,organic,basic,6.64,10.19,10.12,8.8,9.74,10.54,9.21,0
235,2023-07,organic,free,27.58,0.0,0.0,0.0,0.0,0.0,0.0,0
236,2023-03,social,pro,42.7,25.48,30.85,30.36,28.36,30.16,29.05,0
237,2024-05,organic,free,9.21,0.0,0.0,0.0,0.0,0.0,0.0,0
238,2023-01,social,pro,41.83,30.73,25.71,29.61,29.18,31.19,27.2,1
239,2024-04,social,basic,74.53,10.01,0.0,0.0,0.0,0.0,0.0,1
240,2023-12,paid_search,free,12.9,0.0,0.0,0.0,0.0,0.0,0.0,0
241,2024-02,organic,basic,62.33,10.27,10.92,9.75,10.15,9.09,9.99,0
242,2023-06,organic,free,35.73,0.0,0.0,0.0,0.0,0.0,0.0,0
243,2023-06,paid_search,basic,54.14,10.58,10.92,10.2,9.21,10.67,9.21,0
244,2024-01,referral,free,24.52,0.0,0.0,0.0,0.0,0.0,0.0,0
245,2023-08,paid_search,free,16.96,0.0,0.0,0.0,0.0,0.0,0.0,0
246,2023-02,organic,pro,17.03,28.22,32.17,29.87,29.11,31.04,30.24,0
247,2023-01,paid_search,free,10.29,0.0,0.0,0.0,0.0,0.0,0.0,0
248,2024-03,paid_search,pro,18.92,33.28,31.6,30.31,30.34,31.54,29.85,0
249,2023-01,social,free,54.82,0.0,0.0,0.0,0.0,0.0,0.0,0
250,2023-05,organic,basic,71.13,9.55,10.37,9.84,10.14,8.99,9.92,0
251,2024-04,social,basic,66.06,9.73,8.98,9.94,9.96,10.17,10.57,0
252,2023-04,paid_search,basic,56.39,10.48,9.76,10.08,10.24,0.0,0.0,1
253,2023-03,referral,free,13.28,0.0,0.0,0.0,0.0,0.0,0.0,0
254,2024-05,organic,free,26.69,0.0,0.0,0.0,0.0,0.0,0.0,0
255,2024-05,paid_search,free,28.24,0.0,0.0,0.0,0.0,0.0,0.0,0
256,2023-12,referral,free,23.75,0.0,0.0,0.0,0.0,0.0,0.0,0
257,2024-02,organic,basic,43.63,9.78,9.25,9.89,10.59,9.23,9.5,0
258,2023-06,referral,pro,45.17,28.8,28.53,31.04,29.05,31.09,30.06,0
259,2023-03,paid_search,pro,31.77,27.37,29.38,31.5,30.22,0.0,0.0,1
260,2023-09,organic,basic,31.53,9.82,10.6,9.45,9.69,10.44,10.33,0
261,2023-05,organic,basic,67.14,9.41,10.23,9.67,8.96,9.83,10.96,0
262,2024-05,social,basic,64.2,10.5,0.0,0.0,0.0,0.0,0.0,1
263,2024-02,organic,free,28.08,0.0,0.0,0.0,0.0,0.0,0.0,0
264,2023-03,paid_search,pro,73.53,29.92,27.62,26.94,30.06,30.6,31.06,0
265,2023-01,organic,basic,76.46,10.29,10.33,10.13,10.59,9.73,10.01,0
266,2023-01,paid_search,basic,29.51,9.12,9.72,10.49,10.31,8.81,11.01,0
267,2023-03,organic,free,31.58,0.0,0.0,0.0,0.0,0.0,0.0,0
268,2024-06,social,free,42.92,0.0,0.0,0.0,0.0,0.0,0.0,0
269,2023-10,referral,free,75.58,0.0,0.0,0.0,0.0,0.0,0.0,0
270,2023-03,referral,pro,70.72,30.23,30.25,29.08,29.38,30.21,30.87,0
271,2023-08,social,basic,12.69,10.15,9.72,9.54,9.51,0.0,0.0,1
272,2024-02,organic,free,34.45,0.0,0.0,0.0,0.0,0.0,0.0,0
273,2024-06,social,pro,46.5,31.61,31.4,30.72,31.6,29.8,31.26,0
274,2024-03,organic,free,42.73,0.0,0.0,0.0,0.0,0.0,0.0,0
275,2023-02,organic,free,19.54,0.0,0.0,0.0,0.0,0.0,0.0,0
276,2023-10,organic,free,69.41,0.0,0.0,0.0,0.0,0.0,0.0,0
277,2023-02,paid_search,basic,55.77,10.26,10.43,0.0,0.0,0.0,0.0,1
278,2024-05,social,pro,67.84,28.4,26.24,30.38,27.07,29.46,26.66,0
279,2023-08,paid_search,free,69.41,0.0,0.0,0.0,0.0,0.0,0.0,0
280,2023-01,paid_search,pro,61.13,31.87,31.41,30.52,28.72,27.32,26.65,0
281,2023-09,organic,free,37.94,0.0,0.0,0.0,0.0,0.0,0.0,0
282,2023-11,referral,pro,50.79,29.16,31.03,29.48,30.74,30.82,31.01,0
283,2024-04,paid_search,basic,17.03,9.02,9.61,10.23,10.74,10.56,0.0,1
284,2023-07,paid_search,pro,55.52,30.43,31.89,30.42,27.66,0.0,0.0,1
285,2023-10,organic,free,18.44,0.0,0.0,0.0,0.0,0.0,0.0,0
286,2023-03,social,pro,57.05,30.98,31.77,32.76,29.12,28.26,31.26,0
287,2024-06,paid_search,basic,22.22,10.2,10.15,10.63,10.41,0.0,0.0,1
288,2024-01,organic,free,13.82,0.0,0.0,0.0,0.0,0.0,0.0,0
289,2023-07,organic,pro,17.4,30.76,29.3,31.12,28.2,30.42,29.94,0
290,2023-04,paid_search,free,5.15,0.0,0.0,0.0,0.0,0.0,0.0,0
291,2024-01,paid_search,pro,58.91,27.6,30.62,29.12,30.58,28.55,31.27,0
292,2023-01,organic,free,59.93,0.0,0.0,0.0,0.0,0.0,0.0,0
293,2023-08,referral,basic,43.62,10.83,8.91,9.39,9.51,9.31,9.88,0
294,2024-02,organic,basic,17.1,10.18,10.33,10.12,10.32,9.96,9.7,0
295,2024-04,paid_search,free,11.27,0.0,0.0,0.0,0.0,0.0,0.0,0
296,2024-02,referral,free,6.43,0.0,0.0,0.0,0.0,0.0,0.0,0
297,2023-12,paid_search,free,17.43,0.0,0.0,0.0,0.0,0.0,0.0,0
298,2024-03,paid_search,free,71.81,0.0,0.0,0.0,0.0,0.0,0.0,0
299,2023-02,organic,free,23.12,0.0,0.0,0.0,0.0,0.0,0.0,0
300,2023-02,organic,basic,31.57,9.52,9.9,9.53,10.16,9.54,9.75,0
301,2024-05,referral,free,12.9,0.0,0.0,0.0,0.0,0.0,0.0,0
302,2023-10,paid_search,free,21.68,0.0,0.0,0.0,0.0,0.0,0.0,0
303,2023-06,social,basic,43.94,10.53,10.58,10.56,9.96,9.71,10.24,0
304,2024-03,organic,free,50.58,0.0,0.0,0.0,0.0,0.0,0.0,0
305,2023-11,organic,pro,23.4,28.67,31.1,29.03,29.66,31.14,27.26,0
306,2023-05,organic,pro,9.33,29.09,30.55,30.87,30.61,29.64,31.3,1
307,2023-01,paid_search,basic,34.33,9.51,9.49,10.17,9.46,10.85,10.39,0
308,2023-08,organic,basic,22.57,9.7,10.42,9.38,10.72,10.0,9.69,0
309,2023-12,social,pro,21.47,29.54,28.87,29.66,28.23,32.72,29.14,0
310,2023-12,paid_search,free,76.99,0.0,0.0,0.0,0.0,0.0,0.0,0
311,2023-05,referral,free,51.22,0.0,0.0,0.0,0.0,0.0,0.0,0
312,2023-07,organic,free,46.77,0.0,0.0,0.0,0.0,0.0,0.0,0
313,2023-04,social,basic,36.18,10.41,0.0,0.0,0.0,0.0,0.0,1
314,2023-06,social,free,37.17,0.0,0.0,0.0,0.0,0.0,0.0,0
315,2024-01,social,basic,45.57,10.09,9.5,9.9,10.59,9.76,9.45,0
316,2024-03,social,pro,57.23,30.81,26.73,29.57,31.93,29.67,31.4,0
317,2023-03,social,pro,57.66,28.35,29.61,0.0,0.0,0.0,0.0,1
318,2023-08,paid_search,basic,17.88,9.82,10.23,10.02,8.98,10.71,9.73,1
319,2024-04,organic,free,42.51,0.0,0.0,0.0,0.0,0.0,0.0,0
320,2024-01,organic,pro,35.9,30.07,29.53,29.97,29.83,28.66,31.15,0
321,2024-06,referral,basic,70.29,9.66,9.62,9.22,9.72,9.65,8.53,0
322,2023-10,paid_search,free,52.36,0.0,0.0,0.0,0.0,0.0,0.0,0
323,2024-05,social,free,44.94,0.0,0.0,0.0,0.0,0.0,0.0,0
324,2023-05,paid_search,pro,13.65,26.97,25.74,29.65,32.07,27.9,29.94,0
325,2023-09,organic,basic,50.42,9.87,10.3,10.34,11.07,10.11,9.59,0
326,2023-12,organic,pro,13.79,29.14,29.28,29.03,32.49,30.97,27.54,0
327,2023-01,paid_search,pro,30.29,30.71,28.41,31.03,31.65,29.64,29.13,0
328,2023-01,paid_search,basic,15.71,10.72,9.64,9.59,9.52,9.95,10.11,1
329,2024-03,organic,basic,56.91,10.47,10.25,10.24,0.0,0.0,0.0,1
330,2023-02,paid_search,free,20.47,0.0,0.0,0.0,0.0,0.0,0.0,0
331,2024-04,organic,free,34.39,0.0,0.0,0.0,0.0,0.0,0.0,0
332,2023-08,paid_search,free,72.18,0.0,0.0,0.0,0.0,0.0,0.0,0
333,2024-01,organic,basic,20.32,10.63,9.49,9.27,10.28,9.93,10.47,0
334,2023-01,social,basic,43.09,9.97,9.69,10.29,10.03,0.0,0.0,1
335,2024-04,organic,pro,36.45,29.93,33.57,31.77,0.0,0.0,0.0,1
336,2023-07,paid_search,free,6.36,0.0,0.0,0.0,0.0,0.0,0.0,0
337,2023-05,organic,basic,64.46,10.35,10.05,10.0,9.84,10.1,9.75,0
338,2023-03,organic,basic,10.18,9.4,9.97,10.14,10.47,9.59,10.01,0
339,2023-12,organic,basic,40.57,10.25,10.24,10.79,9.85,9.56,10.04,0
340,2024-04,paid_search,basic,47.05,9.87,9.79,9.72,10.14,9.66,10.35,0
341,2023-05,paid_search,free,52.13,0.0,0.0,0.0,0.0,0.0,0.0,0
342,2024-02,organic,basic,56.65,10.33,10.18,9.49,10.11,10.5,10.39,0
343,2023-05,paid_search,free,24.0,0.0,0.0,0.0,0.0,0.0,0.0,0
344,2024-03,social,free,5.75,0.0,0.0,0.0,0.0,0.0,0.0,0
345,2024-05,social,free,59.26,0.0,0.0,0.0,0.0,0.0,0.0,0
346,2024-02,organic,basic,45.17,10.31,10.0,9.98,10.59,10.13,10.14,0
347,2023-05,paid_search,pro,67.71,34.12,29.53,26.86,29.73,29.82,30.39,0
348,2023-12,organic,basic,66.6,10.23,9.02,10.24,9.96,9.86,9.19,0
349,2024-04,organic,basic,68.25,10.7,9.78,10.32,0.0,0.0,0.0,1
350,2024-04,referral,basic,41.38,9.59,10.14,9.87,10.3,9.85,9.57,0
351,2023-07,organic,basic,30.02,9.98,9.96,10.11,10.45,9.47,10.42,1
352,2023-04,paid_search,free,64.37,0.0,0.0,0.0,0.0,0.0,0.0,0
353,2023-01,paid_search,free,38.85,0.0,0.0,0.0,0.0,0.0,0.0,0
354,2023-05,social,free,18.76,0.0,0.0,0.0,0.0,0.0,0.0,0
355,2023-10,paid_search,free,69.12,0.0,0.0,0.0,0.0,0.0,0.0,0
356,2023-05,organic,free,71.19,0.0,0.0,0.0,0.0,0.0,0.0,0
357,2023-04,organic,free,39.97,0.0,0.0,0.0,0.0,0.0,0.0,0
358,2023-02,paid_search,free,10.68,0.0,0.0,0.0,0.0,0.0,0.0,0
359,2023-10,organic,pro,34.09,28.21,30.87,30.92,29.29,28.85,28.78,1
360,2023-01,organic,free,65.27,0.0,0.0,0.0,0.0,0.0,0.0,0
361,2023-05,organic,free,72.63,0.0,0.0,0.0,0.0,0.0,0.0,0
362,2024-01,organic,free,20.26,0.0,0.0,0.0,0.0,0.0,0.0,0
363,2023-04,organic,basic,10.02,10.03,10.33,9.92,8.9,9.73,9.71,0
364,2024-04,organic,free,70.8,0.0,0.0,0.0,0.0,0.0,0.0,0
365,2024-04,paid_search,free,34.21,0.0,0.0,0.0,0.0,0.0,0.0,0
366,2023-02,paid_search,basic,45.63,10.23,10.26,10.06,10.42,10.46,9.75,0
367,2024-05,social,free,77.6,0.0,0.0,0.0,0.0,0.0,0.0,0
368,2023-12,organic,free,9.99,0.0,0.0,0.0,0.0,0.0,0.0,0
369,2024-06,organic,free,53.62,0.0,0.0,0.0,0.0,0.0,0.0,0
370,2023-03,organic,free,10.56,0.0,0.0,0.0,0.0,0.0,0.0,0
371,2023-01,paid_search,free,33.16,0.0,0.0,0.0,0.0,0.0,0.0,0
372,2023-01,social,free,65.29,0.0,0.0,0.0,0.0,0.0,0.0,0
373,2023-11,organic,pro,37.51,28.75,29.88,27.46,30.21,29.21,34.6,0
374,2023-05,referral,basic,79.79,10.67,9.69,9.48,9.65,10.47,10.49,0
375,2023-12,organic,basic,46.93,10.68,9.56,10.23,9.6,10.79,9.58,0
376,2023-03,paid_search,free,29.09,0.0,0.0,0.0,0.0,0.0,0.0,0
377,2023-01,social,pro,21.51,28.16,28.39,29.98,31.0,30.9,28.45,0
378,2023-01,social,free,31.29,0.0,0.0,0.0,0.0,0.0,0.0,0
379,2023-08,social,free,32.94,0.0,0.0,0.0,0.0,0.0,0.0,0
380,2023-10,social,basic,10.15,9.8,9.74,9.41,9.73,10.65,9.35,0
381,2023-11,organic,free,32.72,0.0,0.0,0.0,0.0,0.0,0.0,0
382,2023-12,social,free,39.82,0.0,0.0,0.0,0.0,0.0,0.0,0
383,2024-01,organic,basic,59.21,10.1,10.66,10.64,10.82,10.14,10.21,0
384,2023-12,social,pro,54.25,29.24,28.05,29.78,0.0,0.0,0.0,1
385,2024-02,paid_search,free,58.16,0.0,0.0,0.0,0.0,0.0,0.0,0
386,2023-02,social,basic,5.63,10.54,8.9,9.76,10.26,9.99,10.6,0
387,2024-06,paid_search,pro,21.33,31.46,27.89,30.11,28.9,28.88,27.99,0
388,2023-03,paid_search,free,54.63,0.0,0.0,0.0,0.0,0.0,0.0,0
389,2024-05,paid_search,free,41.3,0.0,0.0,0.0,0.0,0.0,0.0,0
390,2023-08,social,free,5.4,0.0,0.0,0.0,0.0,0.0,0.0,0
391,2023-10,organic,free,65.34,0.0,0.0,0.0,0.0,0.0,0.0,0
392,2023-02,organic,free,62.96,0.0,0.0,0.0,0.0,0.0,0.0,0
393,2023-09,organic,pro,46.13,30.35,31.87,30.48,27.91,29.91,30.74,0
394,2023-07,organic,basic,9.98,9.93,10.14,9.66,9.87,9.84,10.72,0
395,2023-04,social,basic,62.49,9.49,8.95,10.68,10.05,9.39,10.43,0
396,2024-06,organic,free,48.78,0.0,0.0,0.0,0.0,0.0,0.0,0
397,2024-01,referral,pro,63.65,30.84,32.44,0.0,0.0,0.0,0.0,1
398,2023-11,organic,pro,61.38,30.28,33.58,29.82,30.84,31.06,34.66,0
399,2023-04,organic,pro,65.23,29.35,29.31,31.09,28.08,28.89,29.78,0
400,2023-04,social,free,43.85,0.0,0.0,0.0,0.0,0.0,0.0,0
401,2023-10,paid_search,basic,15.52,10.79,0.0,0.0,0.0,0.0,0.0,1
402,2023-05,paid_search,free,55.34,0.0,0.0,0.0,0.0,0.0,0.0,0
403,2023-09,paid_search,free,51.54,0.0,0.0,0.0,0.0,0.0,0.0,0
404,2023-03,social,free,60.67,0.0,0.0,0.0,0.0,0.0,0.0,0
405,2024-05,organic,basic,17.74,10.36,10.03,9.73,8.94,11.01,9.96,0
406,2023-03,referral,basic,19.62,9.62,11.13,9.37,10.63,10.0,10.36,0
407,2024-04,referral,free,71.78,0.0,0.0,0.0,0.0,0.0,0.0,0
408,2023-04,paid_search,free,61.25,0.0,0.0,0.0,0.0,0.0,0.0,0
409,2024-06,organic,free,73.12,0.0,0.0,0.0,0.0,0.0,0.0,0
410,2024-05,paid_search,free,61.9,0.0,0.0,0.0,0.0,0.0,0.0,0
411,2023-07,organic,free,49.79,0.0,0.0,0.0,0.0,0.0,0.0,0
412,2023-05,organic,free,54.06,0.0,0.0,0.0,0.0,0.0,0.0,0
413,2023-12,organic,basic,71.68,10.26,10.35,0.0,0.0,0.0,0.0,1
414,2024-05,paid_search,free,48.41,0.0,0.0,0.0,0.0,0.0,0.0,0
415,2024-01,social,free,52.43,0.0,0.0,0.0,0.0,0.0,0.0,0
416,2023-03,social,free,16.74,0.0,0.0,0.0,0.0,0.0,0.0,0
417,2023-09,social,pro,40.54,33.58,33.27,28.96,30.74,27.45,31.23,0
418,2024-05,paid_search,basic,58.73,10.53,8.95,9.98,10.35,10.17,9.38,0
419,2024-05,organic,basic,25.32,9.43,9.92,9.78,9.82,9.32,10.01,0
420,2024-04,organic,free,20.17,0.0,0.0,0.0,0.0,0.0,0.0,0
421,2024-01,referral,basic,28.54,10.79,9.4,9.88,10.29,9.21,10.01,0
422,2024-05,organic,free,23.11,0.0,0.0,0.0,0.0,0.0,0.0,0
423,2023-04,social,basic,21.12,10.51,9.49,10.06,10.47,11.15,10.03,0
424,2023-12,paid_search,pro,36.86,28.92,27.26,28.93,27.9,32.55,31.32,0
425,2023-09,paid_search,basic,73.09,9.43,9.61,10.02,10.5,10.24,10.19,0
426,2023-12,social,pro,43.03,30.29,28.38,30.11,29.93,27.88,32.5,0
427,2023-09,paid_search,basic,19.09,9.7,9.3,9.77,9.86,9.96,9.85,0
428,2023-07,social,free,10.77,0.0,0.0,0.0,0.0,0.0,0.0,0
429,2024-02,referral,pro,57.21,29.97,30.21,30.14,30.58,30.67,30.71,0
430,2024-03,paid_search,free,33.71,0.0,0.0,0.0,0.0,0.0,0.0,0
431,2024-04,organic,basic,66.64,10.35,9.64,9.66,10.51,9.79,9.93,0
432,2023-05,paid_search,free,54.46,0.0,0.0,0.0,0.0,0.0,0.0,0
433,2023-03,referral,free,64.72,0.0,0.0,0.0,0.0,0.0,0.0,0
434,2023-12,organic,free,25.4,0.0,0.0,0.0,0.0,0.0,0.0,0
435,2023-04,paid_search,free,56.93,0.0,0.0,0.0,0.0,0.0,0.0,0
436,2024-04,paid_search,free,24.8,0.0,0.0,0.0,0.0,0.0,0.0,0
437,2023-07,social,basic,75.43,9.88,11.13,9.56,9.56,9.98,9.9,0
438,2024-01,organic,free,52.73,0.0,0.0,0.0,0.0,0.0,0.0,0
439,2023-10,social,free,29.34,0.0,0.0,0.0,0.0,0.0,0.0,0
440,2023-07,referral,basic,25.21,9.43,9.94,10.0,9.74,9.91,9.61,0
441,2024-02,organic,free,19.32,0.0,0.0,0.0,0.0,0.0,0.0,0
442,2023-05,organic,basic,57.1,9.43,9.78,9.49,9.34,9.06,0.0,1
443,2023-03,referral,basic,21.4,10.1,9.77,10.51,9.01,9.81,10.1,0
444,2023-11,organic,pro,49.65,29.04,29.93,27.22,29.35,28.72,31.38,0
445,2023-11,social,basic,24.85,10.06,10.37,10.57,9.74,10.04,9.45,0
446,2024-06,paid_search,free,54.65,0.0,0.0,0.0,0.0,0.0,0.0,0
447,2024-03,organic,basic,66.12,10.17,10.24,0.0,0.0,0.0,0.0,1
448,2023-12,social,free,63.35,0.0,0.0,0.0,0.0,0.0,0.0,0
449,2023-09,paid_search,free,62.06,0.0,0.0,0.0,0.0,0.0,0.0,0
450,2023-10,paid_search,basic,19.08,10.14,9.74,10.88,10.0,11.46,9.45,0
451,2023-12,organic,free,11.63,0.0,0.0,0.0,0.0,0.0,0.0,0
452,2024-05,paid_search,basic,57.42,10.29,10.47,9.46,9.86,9.29,10.59,0
453,2023-06,organic,pro,32.63,29.84,28.73,31.45,29.97,31.22,30.63,0
454,2023-07,organic,pro,37.43,28.54,29.18,28.76,28.29,27.55,33.02,0
455,2024-02,referral,pro,7.34,30.4,30.62,31.63,29.17,27.99,31.08,0
456,2024-01,organic,free,24.47,0.0,0.0,0.0,0.0,0.0,0.0,0
457,2023-08,paid_search,free,7.53,0.0,0.0,0.0,0.0,0.0,0.0,0
458,2023-10,organic,basic,70.94,9.39,10.34,9.26,9.36,9.67,10.32,0
459,2023-09,social,free,23.25,0.0,0.0,0.0,0.0,0.0,0.0,0
460,2024-06,organic,basic,46.8,10.8,10.2,9.69,10.44,9.24,9.53,0
461,2023-02,referral,basic,7.92,10.03,10.37,9.89,9.83,9.86,10.53,0
462,2023-05,paid_search,basic,55.01,9.61,9.5,9.85,10.61,9.66,9.86,0
463,2023-05,organic,free,29.23,0.0,0.0,0.0,0.0,0.0,0.0,0
464,2023-06,organic,free,72.34,0.0,0.0,0.0,0.0,0.0,0.0,0
465,2023-08,organic,free,71.61,0.0,0.0,0.0,0.0,0.0,0.0,0
466,2024-04,paid_search,free,29.4,0.0,0.0,0.0,0.0,0.0,0.0,0
467,2024-01,organic,pro,72.57,27.73,29.66,30.32,28.19,0.0,0.0,1
468,2023-01,social,free,79.71,0.0,0.0,0.0,0.0,0.0,0.0,0
469,2024-05,paid_search,free,66.91,0.0,0.0,0.0,0.0,0.0,0.0,0
470,2023-07,organic,free,68.37,0.0,0.0,0.0,0.0,0.0,0.0,0
471,2024-01,paid_search,basic,23.68,10.53,10.1,9.73,10.1,10.23,9.12,0
472,2023-04,social,basic,48.25,10.12,10.59,9.6,9.74,9.82,10.38,0
473,2023-04,organic,free,10.04,0.0,0.0,0.0,0.0,0.0,0.0,0
474,2023-06,organic,free,12.12,0.0,0.0,0.0,0.0,0.0,0.0,0
475,2023-12,organic,free,79.92,0.0,0.0,0.0,0.0,0.0,0.0,0
476,2023-07,social,free,29.5,0.0,0.0,0.0,0.0,0.0,0.0,0
477,2023-10,paid_search,basic,61.11,9.46,10.2,9.83,10.83,0.0,0.0,1
478,2023-07,paid_search,basic,65.5,9.85,8.89,10.3,10.18,10.07,10.57,0
479,2023-03,social,free,69.35,0.0,0.0,0.0,0.0,0.0,0.0,0
480,2024-01,social,free,79.82,0.0,0.0,0.0,0.0,0.0,0.0,0
481,2024-01,paid_search,pro,23.11,27.54,28.63,29.92,30.16,29.7,27.74,0
482,2024-06,social,free,8.03,0.0,0.0,0.0,0.0,0.0,0.0,0
483,2023-08,organic,basic,35.84,9.75,10.78,9.44,9.96,10.21,10.36,0
484,2023-09,organic,free,14.76,0.0,0.0,0.0,0.0,0.0,0.0,0
485,2023-07,organic,free,6.68,0.0,0.0,0.0,0.0,0.0,0.0,0
486,2023-01,organic,free,32.03,0.0,0.0,0.0,0.0,0.0,0.0,0
487,2023-03,paid_search,basic,63.78,10.29,9.71,9.54,10.83,10.41,10.0,0
488,2024-01,referral,pro,47.46,32.02,27.72,27.99,26.72,30.14,0.0,1
489,2024-05,organic,free,28.46,0.0,0.0,0.0,0.0,0.0,0.0,0
490,2023-01,organic,free,54.08,0.0,0.0,0.0,0.0,0.0,0.0,0
491,2023-06,paid_search,free,22.4,0.0,0.0,0.0,0.0,0.0,0.0,0
492,2023-06,referral,free,6.08,0.0,0.0,0.0,0.0,0.0,0.0,0
493,2023-12,organic,free,62.33,0.0,0.0,0.0,0.0,0.0,0.0,0
494,2024-01,paid_search,free,51.78,0.0,0.0,0.0,0.0,0.0,0.0,0
495,2024-01,organic,basic,62.17,10.06,9.29,10.39,9.04,10.15,10.26,0
496,2024-03,organic,free,7.92,0.0,0.0,0.0,0.0,0.0,0.0,0
497,2024-04,referral,free,67.78,0.0,0.0,0.0,0.0,0.0,0.0,0
498,2023-11,referral,pro,51.46,30.13,27.69,31.71,29.2,29.2,28.93,0
499,2023-05,organic,free,47.25,0.0,0.0,0.0,0.0,0.0,0.0,0
500,2023-04,referral,pro,51.85,30.96,29.13,28.22,31.38,29.85,31.44,0
501,2023-03,paid_search,free,69.83,0.0,0.0,0.0,0.0,0.0,0.0,0
502,2024-06,social,pro,49.02,29.96,0.0,0.0,0.0,0.0,0.0,1
503,2024-03,paid_search,basic,48.57,9.6,9.1,10.04,9.82,0.0,0.0,1
504,2023-09,paid_search,pro,79.3,31.02,29.07,30.5,29.9,28.71,29.18,0
505,2024-05,paid_search,pro,61.75,27.97,32.64,30.47,27.88,32.55,28.33,0
506,2024-02,paid_search,free,38.17,0.0,0.0,0.0,0.0,0.0,0.0,0
507,2024-03,organic,pro,58.05,29.05,29.57,29.94,30.98,27.04,29.96,0
508,2023-01,organic,free,34.19,0.0,0.0,0.0,0.0,0.0,0.0,0
509,2023-03,organic,free,22.17,0.0,0.0,0.0,0.0,0.0,0.0,0
510,2024-04,social,free,49.76,0.0,0.0,0.0,0.0,0.0,0.0,0
511,2023-11,organic,basic,74.61,9.83,10.05,9.8,9.74,0.0,0.0,1
512,2023-12,paid_search,free,74.69,0.0,0.0,0.0,0.0,0.0,0.0,0
513,2023-10,referral,basic,30.64,9.91,10.81,0.0,0.0,0.0,0.0,1
514,2024-04,organic,basic,44.58,9.75,10.54,10.03,10.01,10.06,10.2,0
515,2023-08,paid_search,basic,20.87,9.78,10.5,10.21,0.0,0.0,0.0,1
516,2023-06,paid_search,pro,79.67,28.08,26.7,32.39,30.24,27.92,29.26,0
517,2023-12,social,free,78.58,0.0,0.0,0.0,0.0,0.0,0.0,0
518,2023-08,organic,free,53.71,0.0,0.0,0.0,0.0,0.0,0.0,0
519,2023-04,paid_search,free,65.33,0.0,0.0,0.0,0.0,0.0,0.0,0
520,2023-08,social,free,58.63,0.0,0.0,0.0,0.0,0.0,0.0,0
521,2024-06,referral,free,49.49,0.0,0.0,0.0,0.0,0.0,0.0,0
522,2023-05,paid_search,free,9.0,0.0,0.0,0.0,0.0,0.0,0.0,0
523,2023-09,paid_search,free,39.11,0.0,0.0,0.0,0.0,0.0,0.0,0
524,2023-04,paid_search,pro,55.61,31.25,29.65,29.78,30.95,30.38,30.75,0
525,2024-05,social,basic,55.81,10.3,9.62,9.66,9.56,9.68,9.9,0
526,2023-09,paid_search,free,32.98,0.0,0.0,0.0,0.0,0.0,0.0,0
527,2023-01,organic,basic,75.63,9.94,10.65,10.1,9.91,0.0,0.0,1
528,2024-01,referral,free,17.55,0.0,0.0,0.0,0.0,0.0,0.0,0
529,2024-04,paid_search,free,42.53,0.0,0.0,0.0,0.0,0.0,0.0,0
530,2024-01,paid_search,basic,56.82,11.24,9.46,9.81,10.83,10.82,9.81,0
531,2024-02,organic,free,57.29,0.0,0.0,0.0,0.0,0.0,0.0,0
532,2023-03,paid_search,free,53.65,0.0,0.0,0.0,0.0,0.0,0.0,0
533,2023-06,organic,pro,25.65,27.48,29.25,31.98,29.73,30.95,0.0,1
534,2024-06,paid_search,pro,16.72,29.89,27.81,29.95,31.15,29.05,31.11,0
535,2023-05,organic,basic,52.7,10.01,10.33,10.13,0.0,0.0,0.0,1
536,2024-03,paid_search,basic,49.95,9.49,9.82,9.8,9.66,10.09,10.94,0
537,2023-02,referral,basic,18.45,10.5,10.57,9.63,10.58,10.76,9.61,0
538,2023-10,organic,free,57.89,0.0,0.0,0.0,0.0,0.0,0.0,0
539,2024-06,referral,free,39.14,0.0,0.0,0.0,0.0,0.0,0.0,0
540,2024-01,paid_search,free,55.08,0.0,0.0,0.0,0.0,0.0,0.0,0
541,2023-05,social,free,67.8,0.0,0.0,0.0,0.0,0.0,0.0,0
542,2023-01,social,basic,17.73,10.18,10.19,0.0,0.0,0.0,0.0,1
543,2023-01,paid_search,free,6.44,0.0,0.0,0.0,0.0,0.0,0.0,0
544,2024-06,social,pro,63.43,29.58,30.16,30.68,29.67,31.44,28.08,0
545,2024-03,social,pro,50.73,29.42,30.98,32.64,31.55,30.13,29.74,0
546,2024-05,paid_search,basic,57.47,9.83,9.83,9.1,10.85,9.94,9.58,0
547,2023-11,organic,basic,67.86,10.17,9.62,10.42,9.6,10.34,9.82,0
548,2024-05,paid_search,pro,65.21,30.34,31.17,29.15,31.13,27.38,32.16,0
549,2024-01,social,free,77.07,0.0,0.0,0.0,0.0,0.0,0.0,0
550,2023-01,social,basic,45.2,10.46,0.0,0.0,0.0,0.0,0.0,1
551,2023-02,social,free,41.64,0.0,0.0,0.0,0.0,0.0,0.0,0
552,2023-09,paid_search,basic,35.14,9.92,10.55,10.49,9.97,9.96,9.53,0
553,2023-03,social,free,16.53,0.0,0.0,0.0,0.0,0.0,0.0,0
554,2023-01,organic,pro,47.95,30.0,27.77,31.03,31.06,27.4,31.99,0
555,2024-04,paid_search,pro,25.78,29.03,34.23,30.26,32.01,28.56,29.48,0
556,2023-06,organic,free,74.1,0.0,0.0,0.0,0.0,0.0,0.0,0
557,2024-05,organic,free,48.74,0.0,0.0,0.0,0.0,0.0,0.0,0
558,2023-05,organic,pro,49.46,29.14,27.75,28.09,29.74,30.49,28.42,0
559,2023-05,organic,free,31.62,0.0,0.0,0.0,0.0,0.0,0.0,0
560,2023-06,paid_search,pro,8.9,29.39,28.87,29.83,0.0,0.0,0.0,1
561,2023-03,organic,basic,7.38,10.3,10.02,9.69,10.48,10.14,10.03,0
562,2023-05,paid_search,free,36.75,0.0,0.0,0.0,0.0,0.0,0.0,0
563,2023-05,organic,free,11.34,0.0,0.0,0.0,0.0,0.0,0.0,0
564,2023-10,organic,free,50.51,0.0,0.0,0.0,0.0,0.0,0.0,0
565,2023-10,organic,basic,71.07,9.47,0.0,0.0,0.0,0.0,0.0,1
566,2024-05,organic,free,71.22,0.0,0.0,0.0,0.0,0.0,0.0,0
567,2024-02,paid_search,basic,54.43,10.42,10.19,10.22,9.86,9.77,10.85,0
568,2023-09,paid_search,free,20.84,0.0,0.0,0.0,0.0,0.0,0.0,0
569,2024-02,paid_search,basic,69.72,9.77,9.38,10.06,9.96,0.0,0.0,1
570,2023-01,paid_search,pro,71.46,31.52,29.7,30.86,32.11,30.5,28.5,0
571,2024-01,organic,pro,19.75,27.34,30.54,29.41,30.29,29.92,28.14,0
572,2024-01,social,free,60.31,0.0,0.0,0.0,0.0,0.0,0.0,0
573,2023-04,paid_search,pro,26.49,29.7,28.43,29.21,31.27,0.0,0.0,1
574,2023-01,paid_search,basic,65.2,10.0,10.25,10.04,9.83,10.09,9.18,0
575,2024-05,organic,basic,79.79,10.34,9.57,10.22,9.81,9.37,0.0,1
576,2023-08,organic,pro,7.25,28.96,30.68,33.14,29.83,32.9,27.55,0
577,2023-02,organic,free,72.3,0.0,0.0,0.0,0.0,0.0,0.0,0
578,2023-08,organic,free,51.7,0.0,0.0,0.0,0.0,0.0,0.0,0
579,2023-07,paid_search,pro,78.0,26.23,29.56,29.83,30.75,29.02,30.43,0
580,2023-02,paid_search,free,39.88,0.0,0.0,0.0,0.0,0.0,0.0,0
581,2023-03,paid_search,pro,68.55,29.63,31.76,30.2,34.04,29.64,31.64,0
582,2024-06,social,pro,9.68,32.15,26.34,31.02,28.12,29.59,28.32,0
583,2023-12,social,free,30.15,0.0,0.0,0.0,0.0,0.0,0.0,0
584,2023-01,social,pro,10.03,31.78,29.09,27.48,0.0,0.0,0.0,1
585,2023-12,referral,free,78.15,0.0,0.0,0.0,0.0,0.0,0.0,0
586,2023-05,organic,basic,66.27,10.07,10.67,0.0,0.0,0.0,0.0,1
587,2024-05,organic,basic,68.94,9.44,0.0,0.0,0.0,0.0,0.0,1
588,2024-04,organic,pro,75.35,31.22,27.13,32.16,30.53,28.2,31.07,0
589,2024-03,paid_search,free,11.38,0.0,0.0,0.0,0.0,0.0,0.0,0
590,2024-03,social,free,33.92,0.0,0.0,0.0,0.0,0.0,0.0,0
591,2023-05,organic,basic,10.33,9.72,9.53,9.71,10.3,9.5,8.88,0
592,2024-02,referral,basic,20.81,9.73,10.61,10.6,9.71,0.0,0.0,1
593,2023-02,organic,basic,22.2,9.69,9.66,9.64,9.67,10.09,10.62,0
594,2023-11,referral,free,40.18,0.0,0.0,0.0,0.0,0.0,0.0,0
595,2023-07,organic,free,25.14,0.0,0.0,0.0,0.0,0.0,0.0,0
596,2023-06,organic,free,12.57,0.0,0.0,0.0,0.0,0.0,0.0,0
597,2023-02,paid_search,pro,17.56,28.52,28.76,30.47,31.0,27.74,27.77,0
598,2023-06,organic,free,16.05,0.0,0.0,0.0,0.0,0.0,0.0,0
599,2024-06,organic,free,77.98,0.0,0.0,0.0,0.0,0.0,0.0,0
600,2023-02,organic,pro,61.95,32.5,26.59,29.46,27.89,27.71,27.63,0
601,2024-06,social,free,77.58,0.0,0.0,0.0,0.0,0.0,0.0,0
602,2024-03,paid_search,pro,37.98,31.61,30.05,31.63,29.76,31.58,29.73,0
603,2023-02,organic,basic,25.88,8.54,10.24,9.95,9.87,9.54,10.31,0
604,2023-06,paid_search,pro,64.87,28.34,30.96,30.11,31.0,30.24,31.76,0
605,2023-01,social,free,29.47,0.0,0.0,0.0,0.0,0.0,0.0,0
606,2024-03,organic,free,27.45,0.0,0.0,0.0,0.0,0.0,0.0,0
607,2023-10,paid_search,basic,22.44,10.19,10.04,8.83,10.6,9.2,9.33,0
608,2024-05,organic,pro,14.73,31.15,29.99,27.67,29.09,31.74,30.19,0
609,2023-05,organic,basic,24.23,10.0,0.0,0.0,0.0,0.0,0.0,1
610,2023-04,paid_search,free,31.65,0.0,0.0,0.0,0.0,0.0,0.0,0
611,2023-10,organic,basic,55.55,9.63,10.39,9.93,10.29,9.58,11.04,0
612,2024-05,paid_search,basic,9.69,10.67,10.05,10.16,9.69,10.33,8.91,0
613,2023-10,social,basic,20.79,10.82,10.3,9.49,0.0,0.0,0.0,1
614,2024-05,organic,basic,65.68,10.8,10.98,10.19,9.59,10.01,10.26,0
615,2023-05,paid_search,pro,16.02,30.45,28.49,30.77,31.72,28.16,28.32,0
616,2023-02,organic,basic,30.7,9.67,9.88,10.41,10.56,9.57,10.09,0
617,2023-06,referral,free,69.85,0.0,0.0,0.0,0.0,0.0,0.0,0
618,2023-02,paid_search,free,16.62,0.0,0.0,0.0,0.0,0.0,0.0,0
619,2024-01,social,free,11.21,0.0,0.0,0.0,0.0,0.0,0.0,0
620,2023-11,paid_search,free,41.34,0.0,0.0,0.0,0.0,0.0,0.0,0
621,2023-11,organic,free,27.68,0.0,0.0,0.0,0.0,0.0,0.0,0
622,2024-04,paid_search,free,47.26,0.0,0.0,0.0,0.0,0.0,0.0,0
623,2023-11,referral,free,65.29,0.0,0.0,0.0,0.0,0.0,0.0,0
624,2024-03,paid_search,free,15.29,0.0,0.0,0.0,0.0,0.0,0.0,0
625,2024-04,social,pro,48.55,31.63,33.26,30.28,30.36,30.59,29.51,0
626,2023-11,social,pro,42.91,30.16,27.04,29.11,30.74,28.65,31.28,0
627,2024-04,organic,free,15.81,0.0,0.0,0.0,0.0,0.0,0.0,0
628,2023-08,organic,pro,51.8,27.45,31.22,31.22,33.29,29.46,29.99,0
629,2023-04,paid_search,basic,25.52,10.76,10.68,10.5,10.16,10.74,11.31,0
630,2023-08,paid_search,free,41.59,0.0,0.0,0.0,0.0,0.0,0.0,0
631,2023-04,social,free,11.17,0.0,0.0,0.0,0.0,0.0,0.0,0
632,2023-03,referral,basic,39.47,10.29,10.01,10.35,10.08,9.85,10.42,0
633,2023-03,organic,basic,27.98,9.74,10.28,9.24,10.84,9.6,9.32,1
634,2024-06,organic,basic,66.68,10.66,0.0,0.0,0.0,0.0,0.0,1
635,2023-05,social,free,9.27,0.0,0.0,0.0,0.0,0.0,0.0,0
636,2024-06,organic,free,36.4,0.0,0.0,0.0,0.0,0.0,0.0,0
637,2023-10,social,free,39.38,0.0,0.0,0.0,0.0,0.0,0.0,0
638,2023-06,paid_search,free,59.38,0.0,0.0,0.0,0.0,0.0,0.0,0
639,2023-01,paid_search,free,48.07,0.0,0.0,0.0,0.0,0.0,0.0,0
640,2023-05,organic,free,55.04,0.0,0.0,0.0,0.0,0.0,0.0,0
641,2023-09,paid_search,pro,63.28,32.31,30.47,29.85,29.49,30.39,29.93,0
642,2023-12,paid_search,pro,69.67,29.75,28.68,28.28,0.0,0.0,0.0,1
643,2024-02,paid_search,free,28.54,0.0,0.0,0.0,0.0,0.0,0.0,0
644,2023-02,organic,pro,45.35,30.12,30.34,28.91,29.11,30.34,28.65,0
645,2024-05,social,free,68.01,0.0,0.0,0.0,0.0,0.0,0.0,0
646,2024-02,social,free,79.21,0.0,0.0,0.0,0.0,0.0,0.0,0
647,2024-01,organic,free,71.71,0.0,0.0,0.0,0.0,0.0,0.0,0
648,2023-09,organic,basic,32.86,10.52,10.26,9.63,10.23,9.55,10.4,0
649,2024-03,organic,pro,19.64,28.73,29.82,30.21,32.28,28.82,28.77,0
650,2024-03,paid_search,basic,41.7,9.26,10.92,10.01,10.53,9.7,9.75,0
651,2023-11,paid_search,free,60.62,0.0,0.0,0.0,0.0,0.0,0.0,0
652,2024-04,paid_search,basic,41.94,9.97,0.0,0.0,0.0,0.0,0.0,1
653,2024-05,organic,free,41.24,0.0,0.0,0.0,0.0,0.0,0.0,0
654,2023-04,organic,pro,67.87,29.97,31.01,30.09,29.43,32.83,28.66,1
655,2023-01,paid_search,basic,32.11,9.6,0.0,0.0,0.0,0.0,0.0,1
656,2023-08,paid_search,free,69.48,0.0,0.0,0.0,0.0,0.0,0.0,0
657,2024-05,referral,basic,35.51,9.56,10.35,10.21,0.0,0.0,0.0,1
658,2023-03,organic,basic,29.62,9.91,9.53,10.06,10.43,10.78,9.68,0
659,2024-03,paid_search,free,39.05,0.0,0.0,0.0,0.0,0.0,0.0,0
660,2024-03,paid_search,basic,62.18,9.91,10.21,9.8,9.33,9.91,9.39,0
661,2024-02,paid_search,free,14.45,0.0,0.0,0.0,0.0,0.0,0.0,0
662,2024-02,social,basic,19.73,10.47,9.84,9.96,9.62,9.98,10.63,1
663,2023-02,paid_search,pro,76.36,31.61,28.38,25.92,29.77,29.54,29.45,0
664,2024-01,referral,pro,18.16,29.16,28.34,0.0,0.0,0.0,0.0,1
665,2024-02,organic,basic,47.58,11.13,10.92,9.79,0.0,0.0,0.0,1
666,2023-07,organic,basic,48.45,10.05,10.48,10.05,9.75,9.34,10.0,0
667,2023-03,social,free,41.72,0.0,0.0,0.0,0.0,0.0,0.0,0
668,2024-03,paid_search,basic,53.36,9.39,10.59,9.97,10.25,9.83,10.4,1
669,2024-02,organic,free,22.24,0.0,0.0,0.0,0.0,0.0,0.0,0
670,2023-11,organic,free,46.45,0.0,0.0,0.0,0.0,0.0,0.0,0
671,2024-03,organic,free,32.91,0.0,0.0,0.0,0.0,0.0,0.0,0
672,2024-01,social,free,54.63,0.0,0.0,0.0,0.0,0.0,0.0,0
673,2024-06,organic,basic,15.59,9.67,10.14,9.81,9.88,10.47,0.0,1
674,2023-06,organic,free,47.82,0.0,0.0,0.0,0.0,0.0,0.0,0
675,2023-03,organic,basic,18.9,9.61,10.17,10.66,10.45,9.69,10.24,0
676,2024-03,organic,free,25.9,0.0,0.0,0.0,0.0,0.0,0.0,0
677,2023-05,organic,free,21.4,0.0,0.0,0.0,0.0,0.0,0.0,0
678,2023-10,paid_search,basic,18.71,9.14,10.49,11.31,10.14,10.68,9.32,0
679,2023-07,organic,free,66.93,0.0,0.0,0.0,0.0,0.0,0.0,0
680,2024-05,social,free,26.43,0.0,0.0,0.0,0.0,0.0,0.0,0
681,2023-07,organic,basic,74.53,9.49,9.82,9.91,10.14,0.0,0.0,1
682,2023-12,paid_search,free,77.74,0.0,0.0,0.0,0.0,0.0,0.0,0
683,2024-05,social,pro,47.84,29.09,30.2,31.44,30.73,29.45,31.1,0
684,2024-01,paid_search,free,15.73,0.0,0.0,0.0,0.0,0.0,0.0,0
685,2023-04,paid_search,free,33.09,0.0,0.0,0.0,0.0,0.0,0.0,0
686,2023-10,organic,basic,64.83,9.79,10.03,0.0,0.0,0.0,0.0,1
687,2023-03,organic,free,32.55,0.0,0.0,0.0,0.0,0.0,0.0,0
688,2023-09,paid_search,free,11.53,0.0,0.0,0.0,0.0,0.0,0.0,0
689,2024-01,referral,free,46.76,0.0,0.0,0.0,0.0,0.0,0.0,0
690,2024-06,paid_search,free,68.38,0.0,0.0,0.0,0.0,0.0,0.0,0
691,2024-03,paid_search,pro,64.69,31.35,29.71,28.18,30.08,31.37,31.52,0
692,2023-04,social,free,18.13,0.0,0.0,0.0,0.0,0.0,0.0,0
693,2024-03,paid_search,basic,55.46,9.47,10.34,9.87,10.72,9.4,10.33,0
694,2023-02,organic,pro,21.54,29.47,29.11,31.43,31.68,27.07,31.46,0
695,2024-03,paid_search,free,21.37,0.0,0.0,0.0,0.0,0.0,0.0,0
696,2023-08,referral,pro,70.56,29.89,30.03,28.13,30.9,33.48,29.2,0
697,2023-08,organic,free,23.73,0.0,0.0,0.0,0.0,0.0,0.0,0
698,2024-05,paid_search,pro,24.74,31.84,29.98,29.25,27.87,32.08,30.16,0
699,2023-12,organic,free,5.05,0.0,0.0,0.0,0.0,0.0,0.0,0
700,2023-10,paid_search,basic,70.3,9.77,9.85,10.34,9.77,9.53,9.93,1
701,2023-09,organic,free,64.44,0.0,0.0,0.0,0.0,0.0,0.0,0
702,2023-05,paid_search,free,52.05,0.0,0.0,0.0,0.0,0.0,0.0,0
703,2023-06,social,basic,61.27,9.92,9.91,9.77,10.63,11.38,9.47,0
704,2023-02,organic,basic,16.4,8.95,9.87,9.0,9.24,9.73,10.33,0
705,2024-01,paid_search,free,39.37,0.0,0.0,0.0,0.0,0.0,0.0,0
706,2023-06,social,free,31.34,0.0,0.0,0.0,0.0,0.0,0.0,0
707,2023-05,referral,basic,12.03,9.87,8.84,9.86,9.9,9.9,10.54,0
708,2023-01,organic,basic,41.46,10.44,10.03,11.02,9.27,9.73,9.93,0
709,2023-06,organic,pro,74.06,29.95,27.86,27.08,29.98,27.61,28.99,0
710,2023-06,organic,basic,8.0,10.05,9.35,10.15,9.58,0.0,0.0,1
711,2024-04,referral,pro,26.86,29.44,30.75,29.87,30.45,30.65,29.84,0
712,2023-04,referral,basic,20.57,10.17,9.65,10.24,9.88,10.64,10.06,0
713,2023-11,paid_search,free,22.86,0.0,0.0,0.0,0.0,0.0,0.0,0
714,2023-09,social,free,73.13,0.0,0.0,0.0,0.0,0.0,0.0,0
715,2023-03,paid_search,basic,40.11,9.71,10.24,10.67,9.76,9.68,8.68,0
716,2023-08,paid_search,basic,39.97,10.06,9.83,10.24,10.25,9.3,10.44,0
717,2023-05,organic,free,62.04,0.0,0.0,0.0,0.0,0.0,0.0,0
718,2023-04,social,free,16.59,0.0,0.0,0.0,0.0,0.0,0.0,0
719,2023-06,organic,pro,41.54,28.84,29.3,26.61,30.49,28.34,29.06,0
720,2023-02,social,basic,37.25,9.4,10.49,0.0,0.0,0.0,0.0,1
721,2023-11,social,free,49.77,0.0,0.0,0.0,0.0,0.0,0.0,0
722,2023-04,social,free,79.97,0.0,0.0,0.0,0.0,0.0,0.0,0
723,2024-03,organic,free,62.71,0.0,0.0,0.0,0.0,0.0,0.0,0
724,2023-06,organic,free,34.84,0.0,0.0,0.0,0.0,0.0,0.0,0
725,2024-05,organic,free,67.07,0.0,0.0,0.0,0.0,0.0,0.0,0
726,2023-06,organic,free,17.8,0.0,0.0,0.0,0.0,0.0,0.0,0
727,2023-02,organic,basic,7.28,9.8,9.36,9.39,10.39,0.0,0.0,1
728,2024-03,referral,free,20.33,0.0,0.0,0.0,0.0,0.0,0.0,0
729,2023-11,paid_search,pro,30.53,28.72,29.27,30.05,29.52,27.25,30.91,0
730,2023-08,organic,pro,43.29,29.62,30.43,31.03,26.95,31.04,33.74,0
731,2024-01,organic,free,51.13,0.0,0.0,0.0,0.0,0.0,0.0,0
732,2023-12,paid_search,basic,73.3,10.19,10.65,10.47,10.32,10.49,0.0,1
733,2023-05,paid_search,free,43.24,0.0,0.0,0.0,0.0,0.0,0.0,0
734,2023-06,paid_search,pro,42.6,31.76,31.83,28.18,31.59,29.6,31.89,0
735,2023-04,referral,free,8.77,0.0,0.0,0.0,0.0,0.0,0.0,0
736,2023-01,paid_search,basic,7.62,10.24,9.38,10.7,9.61,9.84,10.84,0
737,2024-05,referral,basic,46.34,10.06,9.82,9.95,9.81,10.39,9.82,0
738,2023-12,social,free,37.86,0.0,0.0,0.0,0.0,0.0,0.0,0
739,2024-03,organic,free,67.94,0.0,0.0,0.0,0.0,0.0,0.0,0
740,2023-01,referral,basic,17.05,9.97,10.28,10.22,9.65,10.4,9.73,0
741,2024-02,organic,basic,6.87,9.48,9.12,0.0,0.0,0.0,0.0,1
742,2023-06,social,free,38.68,0.0,0.0,0.0,0.0,0.0,0.0,0
743,2023-05,organic,basic,22.81,9.9,9.2,9.58,9.98,10.57,9.85,1
744,2023-11,social,free,8.72,0.0,0.0,0.0,0.0,0.0,0.0,0
745,2023-04,social,basic,59.34,9.29,9.94,10.55,9.84,10.66,9.98,0
746,2024-01,social,free,13.37,0.0,0.0,0.0,0.0,0.0,0.0,0
747,2023-11,social,pro,50.62,31.05,30.32,31.92,33.2,29.29,30.23,0
748,2023-03,organic,free,26.08,0.0,0.0,0.0,0.0,0.0,0.0,0
749,2023-01,organic,free,18.01,0.0,0.0,0.0,0.0,0.0,0.0,0
750,2023-06,paid_search,free,33.48,0.0,0.0,0.0,0.0,0.0,0.0,0
751,2024-06,organic,free,65.11,0.0,0.0,0.0,0.0,0.0,0.0,0
752,2023-10,paid_search,basic,34.41,10.57,10.12,0.0,0.0,0.0,0.0,1
753,2023-05,organic,free,61.31,0.0,0.0,0.0,0.0,0.0,0.0,0
754,2023-10,referral,pro,14.41,27.3,29.56,30.36,32.38,30.15,28.67,0
755,2023-12,paid_search,free,62.96,0.0,0.0,0.0,0.0,0.0,0.0,0
756,2023-02,social,free,22.77,0.0,0.0,0.0,0.0,0.0,0.0,0
757,2024-01,organic,free,55.8,0.0,0.0,0.0,0.0,0.0,0.0,0
758,2023-08,social,free,47.43,0.0,0.0,0.0,0.0,0.0,0.0,0
759,2023-02,referral,free,74.69,0.0,0.0,0.0,0.0,0.0,0.0,0
760,2023-01,paid_search,free,34.05,0.0,0.0,0.0,0.0,0.0,0.0,0
761,2023-05,paid_search,free,9.96,0.0,0.0,0.0,0.0,0.0,0.0,0
762,2023-09,social,free,6.44,0.0,0.0,0.0,0.0,0.0,0.0,0
763,2024-05,organic,basic,67.01,10.12,10.72,9.68,9.74,9.69,9.35,0
764,2023-09,paid_search,basic,44.36,10.02,9.96,9.14,9.59,10.08,10.33,0
765,2023-11,organic,free,63.14,0.0,0.0,0.0,0.0,0.0,0.0,0
766,2024-03,organic,free,22.58,0.0,0.0,0.0,0.0,0.0,0.0,0
767,2023-06,organic,pro,30.88,31.43,31.14,29.99,27.83,0.0,0.0,1
768,2023-03,organic,basic,7.26,9.88,8.8,10.09,9.66,8.97,0.0,1
769,2024-05,organic,basic,77.11,10.18,10.72,9.21,10.22,0.0,0.0,1
770,2023-05,organic,free,55.09,0.0,0.0,0.0,0.0,0.0,0.0,0
771,2023-12,referral,basic,74.99,9.79,9.61,9.61,9.79,9.79,9.97,0
772,2024-06,paid_search,basic,24.91,9.56,9.66,10.27,9.52,10.12,9.82,0
773,2024-02,referral,basic,50.86,9.72,10.9,9.36,10.76,10.41,9.68,0
774,2023-11,paid_search,pro,55.89,31.29,25.93,0.0,0.0,0.0,0.0,1
775,2023-09,organic,free,28.82,0.0,0.0,0.0,0.0,0.0,0.0,0
776,2023-02,paid_search,free,68.61,0.0,0.0,0.0,0.0,0.0,0.0,0
777,2023-12,paid_search,basic,76.04,9.63,9.53,10.18,10.34,10.17,0.0,1
778,2023-03,organic,pro,71.36,30.18,31.39,31.16,29.01,29.17,31.06,0
779,2023-03,paid_search,free,60.43,0.0,0.0,0.0,0.0,0.0,0.0,0
780,2023-01,organic,free,25.81,0.0,0.0,0.0,0.0,0.0,0.0,0
781,2023-08,paid_search,free,26.12,0.0,0.0,0.0,0.0,0.0,0.0,0
782,2023-08,paid_search,free,77.25,0.0,0.0,0.0,0.0,0.0,0.0,0
783,2023-11,organic,basic,5.77,9.96,10.0,10.06,9.11,9.64,10.23,1
784,2023-09,organic,basic,58.7,9.64,9.87,10.22,10.49,10.55,10.58,0
785,2023-05,social,free,57.97,0.0,0.0,0.0,0.0,0.0,0.0,0
786,2024-02,paid_search,free,51.7,0.0,0.0,0.0,0.0,0.0,0.0,0
787,2023-03,organic,free,79.26,0.0,0.0,0.0,0.0,0.0,0.0,0
788,2023-05,referral,free,28.39,0.0,0.0,0.0,0.0,0.0,0.0,0
789,2023-05,organic,basic,30.5,9.92,9.87,9.41,0.0,0.0,0.0,1
790,2024-02,paid_search,pro,10.92,32.18,29.55,32.14,30.42,31.56,29.87,0
791,2023-04,referral,pro,38.21,30.84,31.62,29.24,31.79,28.42,32.66,0
792,2024-01,organic,free,24.58,0.0,0.0,0.0,0.0,0.0,0.0,0
793,2023-10,organic,pro,30.75,30.21,28.97,31.21,30.49,27.42,29.4,0
794,2024-06,organic,basic,67.59,9.49,9.53,9.51,10.25,0.0,0.0,1
795,2023-08,organic,basic,75.16,10.44,9.61,9.02,8.8,11.02,10.07,1
796,2023-08,organic,free,18.93,0.0,0.0,0.0,0.0,0.0,0.0,0
797,2023-07,paid_search,free,32.94,0.0,0.0,0.0,0.0,0.0,0.0,0
798,2023-08,organic,free,74.65,0.0,0.0,0.0,0.0,0.0,0.0,0
799,2024-02,paid_search,free,9.64,0.0,0.0,0.0,0.0,0.0,0.0,0
800,2023-06,referral,free,11.93,0.0,0.0,0.0,0.0,0.0,0.0,0
801,2023-01,social,free,17.21,0.0,0.0,0.0,0.0,0.0,0.0,0
802,2024-03,paid_search,free,49.64,0.0,0.0,0.0,0.0,0.0,0.0,0
803,2023-01,organic,basic,16.29,10.4,9.89,8.93,10.2,10.81,9.68,0
804,2024-05,paid_search,free,77.61,0.0,0.0,0.0,0.0,0.0,0.0,0
805,2023-01,paid_search,free,38.5,0.0,0.0,0.0,0.0,0.0,0.0,0
806,2024-03,paid_search,pro,42.61,26.66,28.24,31.3,30.48,31.79,0.0,1
807,2023-02,organic,pro,23.5,30.0,31.02,29.36,28.34,31.02,31.32,0
808,2024-02,social,basic,40.32,9.69,10.76,10.78,9.52,9.54,9.56,0
809,2023-08,paid_search,pro,54.64,29.8,29.43,28.03,28.73,26.83,27.04,0
810,2023-08,organic,basic,61.34,9.25,10.99,10.91,10.36,9.69,9.24,1
811,2023-07,organic,pro,61.54,29.97,30.65,28.86,30.57,28.23,29.12,0
812,2023-06,paid_search,free,48.34,0.0,0.0,0.0,0.0,0.0,0.0,0
813,2023-06,social,free,72.83,0.0,0.0,0.0,0.0,0.0,0.0,0
814,2023-03,social,free,66.31,0.0,0.0,0.0,0.0,0.0,0.0,0
815,2023-07,social,free,61.78,0.0,0.0,0.0,0.0,0.0,0.0,0
816,2023-08,organic,free,9.17,0.0,0.0,0.0,0.0,0.0,0.0,0
817,2023-10,paid_search,basic,5.52,9.86,10.92,9.56,0.0,0.0,0.0,1
818,2024-03,paid_search,basic,20.93,11.21,10.21,11.25,9.49,9.43,9.61,0
819,2024-03,organic,basic,54.76,10.0,10.84,9.68,10.44,10.96,10.12,0
820,2023-01,organic,free,35.84,0.0,0.0,0.0,0.0,0.0,0.0,0
821,2023-07,social,pro,35.18,31.63,28.78,30.6,30.99,27.97,28.64,0
822,2023-04,organic,basic,71.34,9.84,9.18,9.63,9.9,9.25,10.89,1
823,2023-06,paid_search,free,72.17,0.0,0.0,0.0,0.0,0.0,0.0,0
824,2023-01,organic,basic,73.19,10.49,11.75,9.37,10.21,9.63,9.43,0
825,2023-05,organic,free,28.54,0.0,0.0,0.0,0.0,0.0,0.0,0
826,2023-01,organic,free,56.83,0.0,0.0,0.0,0.0,0.0,0.0,0
827,2023-04,referral,pro,25.37,31.41,30.07,29.44,30.42,28.7,28.65,0
828,2023-02,social,free,19.3,0.0,0.0,0.0,0.0,0.0,0.0,0
829,2023-10,referral,free,18.85,0.0,0.0,0.0,0.0,0.0,0.0,0
830,2023-05,paid_search,pro,30.66,28.96,31.73,31.59,28.06,32.62,29.94,0
831,2023-10,organic,basic,37.25,10.21,9.63,10.0,9.43,9.6,10.42,0
832,2023-01,paid_search,free,67.32,0.0,0.0,0.0,0.0,0.0,0.0,0
833,2023-06,paid_search,free,13.99,0.0,0.0,0.0,0.0,0.0,0.0,0
834,2024-01,social,free,60.12,0.0,0.0,0.0,0.0,0.0,0.0,0
835,2024-03,organic,basic,44.86,10.43,10.23,9.78,9.34,10.64,10.47,0
836,2023-04,paid_search,free,26.6,0.0,0.0,0.0,0.0,0.0,0.0,0
837,2024-01,organic,free,41.96,0.0,0.0,0.0,0.0,0.0,0.0,0
838,2024-03,organic,pro,27.5,27.23,31.34,29.44,31.04,27.79,28.99,0
839,2023-08,social,basic,49.71,10.04,10.89,0.0,0.0,0.0,0.0,1
840,2023-05,paid_search,free,37.54,0.0,0.0,0.0,0.0,0.0,0.0,0
841,2024-03,organic,basic,17.33,11.32,10.04,0.0,0.0,0.0,0.0,1
842,2023-04,organic,basic,13.74,10.55,10.11,10.09,10.26,0.0,0.0,1
843,2023-12,paid_search,free,46.0,0.0,0.0,0.0,0.0,0.0,0.0,0
844,2024-01,social,free,72.68,0.0,0.0,0.0,0.0,0.0,0.0,0
845,2023-02,social,pro,30.8,29.9,0.0,0.0,0.0,0.0,0.0,1
846,2023-04,referral,free,59.98,0.0,0.0,0.0,0.0,0.0,0.0,0
847,2023-04,social,basic,54.4,10.4,9.46,9.96,0.0,0.0,0.0,1
848,2023-11,organic,free,74.87,0.0,0.0,0.0,0.0,0.0,0.0,0
849,2023-05,paid_search,free,66.57,0.0,0.0,0.0,0.0,0.0,0.0,0
850,2023-11,paid_search,free,47.5,0.0,0.0,0.0,0.0,0.0,0.0,0
851,2023-10,organic,free,54.28,0.0,0.0,0.0,0.0,0.0,0.0,0
852,2023-08,social,free,72.38,0.0,0.0,0.0,0.0,0.0,0.0,0
853,2023-06,organic,free,34.96,0.0,0.0,0.0,0.0,0.0,0.0,0
854,2023-06,referral,pro,29.51,32.86,31.74,30.47,0.0,0.0,0.0,1
855,2023-08,paid_search,pro,5.81,31.49,32.33,27.06,29.57,28.98,27.89,0
856,2024-03,paid_search,basic,66.99,11.03,10.28,10.47,9.67,9.84,9.99,1
857,2024-02,paid_search,pro,65.07,30.59,31.17,27.32,31.06,29.64,32.4,0
858,2023-11,social,free,12.83,0.0,0.0,0.0,0.0,0.0,0.0,0
859,2023-12,paid_search,pro,48.26,32.02,30.43,30.04,29.53,30.6,31.93,0
860,2024-01,paid_search,free,39.8,0.0,0.0,0.0,0.0,0.0,0.0,0
861,2023-08,organic,pro,13.9,30.07,29.16,30.04,30.46,28.3,27.94,0
862,2024-06,paid_search,pro,78.54,29.19,32.4,31.83,27.63,28.59,31.14,0
863,2023-01,organic,basic,21.1,9.78,10.22,9.23,10.0,9.94,10.47,0
864,2024-03,social,pro,10.04,30.59,30.2,27.4,0.0,0.0,0.0,1
865,2023-08,paid_search,basic,49.61,10.97,10.33,9.63,10.05,9.8,9.89,0
866,2023-11,paid_search,free,60.42,0.0,0.0,0.0,0.0,0.0,0.0,0
867,2023-12,organic,free,7.43,0.0,0.0,0.0,0.0,0.0,0.0,0
868,2023-12,organic,basic,54.4,10.59,9.52,10.36,10.62,10.27,9.91,0
869,2023-04,social,free,44.92,0.0,0.0,0.0,0.0,0.0,0.0,0
870,2024-04,organic,basic,12.74,9.6,9.66,10.06,9.05,10.02,10.42,0
871,2023-04,organic,pro,17.94,27.8,31.78,34.05,29.89,29.66,29.8,0
872,2023-05,organic,free,47.6,0.0,0.0,0.0,0.0,0.0,0.0,0
873,2023-05,referral,basic,27.23,10.04,9.84,9.02,9.92,9.5,10.07,0
874,2023-08,social,pro,75.37,31.96,28.57,32.62,29.44,28.73,31.02,0
875,2023-10,organic,pro,66.41,29.27,29.92,30.02,30.93,29.88,29.71,0
876,2024-05,organic,pro,78.77,29.4,30.76,29.2,32.02,30.04,0.0,1
877,2023-09,organic,basic,24.48,9.15,10.14,10.23,10.67,9.62,9.55,0
878,2024-02,social,pro,77.73,30.98,31.74,28.83,30.4,29.9,28.88,0
879,2023-08,paid_search,basic,37.34,9.93,10.53,10.01,9.91,10.29,10.58,0
880,2023-09,organic,free,31.06,0.0,0.0,0.0,0.0,0.0,0.0,0
881,2023-11,organic,free,8.78,0.0,0.0,0.0,0.0,0.0,0.0,0
882,2023-01,organic,basic,8.96,9.51,10.15,9.81,10.01,10.33,9.85,0
883,2024-02,paid_search,free,56.9,0.0,0.0,0.0,0.0,0.0,0.0,0
884,2023-05,social,basic,39.34,8.98,9.95,10.49,10.21,9.94,10.06,0
885,2024-02,organic,basic,21.99,10.02,9.12,10.07,9.36,10.57,9.35,0
886,2023-04,organic,free,51.05,0.0,0.0,0.0,0.0,0.0,0.0,0
887,2023-01,organic,basic,23.96,9.79,9.69,10.77,10.54,8.85,9.98,0
888,2023-08,referral,basic,48.32,9.43,10.07,10.32,10.11,10.35,9.86,0
889,2024-03,organic,free,31.94,0.0,0.0,0.0,0.0,0.0,0.0,0
890,2024-03,social,free,66.77,0.0,0.0,0.0,0.0,0.0,0.0,0
891,2023-09,paid_search,free,66.55,0.0,0.0,0.0,0.0,0.0,0.0,0
892,2023-09,organic,free,40.8,0.0,0.0,0.0,0.0,0.0,0.0,0
893,2023-10,organic,pro,31.31,30.41,31.02,0.0,0.0,0.0,0.0,1
894,2023-09,organic,free,32.19,0.0,0.0,0.0,0.0,0.0,0.0,0
895,2023-03,paid_search,basic,65.43,9.77,9.56,9.67,9.93,10.0,10.16,0
896,2023-11,social,free,29.61,0.0,0.0,0.0,0.0,0.0,0.0,0
897,2023-06,paid_search,free,20.68,0.0,0.0,0.0,0.0,0.0,0.0,0
898,2023-02,paid_search,pro,11.35,28.88,31.07,32.72,29.11,33.67,32.96,0
899,2023-07,organic,basic,40.0,10.0,9.92,0.0,0.0,0.0,0.0,1
900,2024-06,referral,free,41.16,0.0,0.0,0.0,0.0,0.0,0.0,0
901,2023-02,social,free,68.07,0.0,0.0,0.0,0.0,0.0,0.0,0
902,2024-05,organic,free,21.59,0.0,0.0,0.0,0.0,0.0,0.0,0
903,2023-11,referral,free,33.57,0.0,0.0,0.0,0.0,0.0,0.0,0
904,2023-12,paid_search,basic,65.63,9.66,10.43,10.03,10.08,9.57,10.44,0
905,2023-07,paid_search,free,66.77,0.0,0.0,0.0,0.0,0.0,0.0,0
906,2023-06,social,free,33.85,0.0,0.0,0.0,0.0,0.0,0.0,0
907,2023-01,social,free,39.43,0.0,0.0,0.0,0.0,0.0,0.0,0
908,2024-05,paid_search,pro,27.75,29.65,28.41,29.89,28.83,0.0,0.0,1
909,2023-11,organic,pro,74.94,32.04,32.94,29.93,31.6,31.56,25.56,0
910,2024-06,organic,free,13.9,0.0,0.0,0.0,0.0,0.0,0.0,0
911,2024-05,referral,basic,75.03,9.67,10.05,9.78,9.63,10.55,9.76,0
912,2023-07,organic,free,56.29,0.0,0.0,0.0,0.0,0.0,0.0,0
913,2024-05,organic,free,44.87,0.0,0.0,0.0,0.0,0.0,0.0,0
914,2023-09,paid_search,basic,7.45,10.16,10.5,10.71,0.0,0.0,0.0,1
915,2024-05,paid_search,pro,40.67,28.42,28.53,30.33,27.07,28.6,31.85,0
916,2023-08,paid_search,pro,35.58,30.94,29.81,30.7,31.05,27.93,29.28,0
917,2024-05,referral,basic,17.09,11.17,10.69,10.11,10.14,9.97,9.12,0
918,2023-07,organic,free,54.23,0.0,0.0,0.0,0.0,0.0,0.0,0
919,2023-01,organic,basic,77.84,9.69,10.2,9.76,9.48,9.54,10.7,0
920,2024-01,organic,free,47.16,0.0,0.0,0.0,0.0,0.0,0.0,0
921,2024-05,social,basic,58.61,9.74,10.58,10.14,9.87,9.61,10.32,0
922,2024-01,paid_search,free,10.13,0.0,0.0,0.0,0.0,0.0,0.0,0
923,2024-04,organic,basic,36.33,10.51,10.37,9.35,9.74,9.79,9.04,0
924,2023-08,social,free,13.73,0.0,0.0,0.0,0.0,0.0,0.0,0
925,2024-06,social,free,50.96,0.0,0.0,0.0,0.0,0.0,0.0,0
926,2023-01,social,pro,75.39,30.69,30.9,30.85,30.59,29.52,28.8,0
927,2024-02,referral,free,54.63,0.0,0.0,0.0,0.0,0.0,0.0,0
928,2024-03,organic,basic,10.76,9.83,10.15,10.63,10.03,10.01,9.07,0
929,2024-06,social,free,31.6,0.0,0.0,0.0,0.0,0.0,0.0,0
930,2023-02,paid_search,free,46.3,0.0,0.0,0.0,0.0,0.0,0.0,0
931,2024-05,social,free,35.24,0.0,0.0,0.0,0.0,0.0,0.0,0
932,2024-06,social,free,67.52,0.0,0.0,0.0,0.0,0.0,0.0,0
933,2023-06,social,pro,66.1,30.56,32.04,29.83,29.71,29.43,0.0,1
934,2023-04,paid_search,free,50.89,0.0,0.0,0.0,0.0,0.0,0.0,0
935,2023-01,organic,pro,33.01,31.04,27.18,31.76,29.65,30.59,31.16,0
936,2023-08,paid_search,basic,24.15,9.53,0.0,0.0,0.0,0.0,0.0,1
937,2023-07,referral,free,12.94,0.0,0.0,0.0,0.0,0.0,0.0,0
938,2023-03,referral,basic,31.62,9.98,9.87,0.0,0.0,0.0,0.0,1
939,2023-10,organic,basic,35.99,9.42,10.5,9.83,9.41,10.01,9.28,0
940,2023-10,organic,basic,55.69,9.76,10.14,9.23,10.31,10.04,10.38,0
941,2024-02,organic,free,54.36,0.0,0.0,0.0,0.0,0.0,0.0,0
942,2023-02,social,free,10.26,0.0,0.0,0.0,0.0,0.0,0.0,0
943,2023-01,social,pro,34.64,31.15,29.26,29.3,30.7,28.41,28.42,0
944,2024-06,organic,pro,18.63,29.07,27.97,28.22,28.26,29.51,29.44,0
945,2023-07,paid_search,pro,16.76,31.41,29.53,29.85,32.58,26.62,30.28,0
946,2023-08,social,free,67.05,0.0,0.0,0.0,0.0,0.0,0.0,0
947,2023-01,social,basic,8.14,9.88,10.14,9.71,9.83,10.6,10.22,0
948,2023-03,paid_search,free,36.44,0.0,0.0,0.0,0.0,0.0,0.0,0
949,2023-08,paid_search,free,17.62,0.0,0.0,0.0,0.0,0.0,0.0,0
950,2024-03,paid_search,free,70.95,0.0,0.0,0.0,0.0,0.0,0.0,0
951,2023-05,organic,basic,46.78,9.86,9.6,0.0,0.0,0.0,0.0,1
952,2023-03,paid_search,free,22.35,0.0,0.0,0.0,0.0,0.0,0.0,0
953,2023-01,paid_search,free,42.68,0.0,0.0,0.0,0.0,0.0,0.0,0
954,2024-03,social,pro,59.86,28.4,29.24,25.83,29.72,32.58,30.17,0
955,2023-08,paid_search,free,76.86,0.0,0.0,0.0,0.0,0.0,0.0,0
956,2023-02,social,free,21.53,0.0,0.0,0.0,0.0,0.0,0.0,0
957,2023-03,organic,free,71.46,0.0,0.0,0.0,0.0,0.0,0.0,0
958,2024-02,paid_search,pro,75.07,28.99,26.63,28.79,29.24,30.32,29.29,0
959,2024-02,organic,basic,73.73,10.88,9.87,10.48,9.2,9.95,9.6,0
960,2023-11,organic,free,52.66,0.0,0.0,0.0,0.0,0.0,0.0,0
961,2024-04,social,pro,52.24,31.51,29.39,31.88,30.91,29.2,28.38,0
962,2023-04,referral,pro,35.24,28.89,29.52,30.9,29.93,31.18,32.01,0
963,2023-05,organic,free,61.43,0.0,0.0,0.0,0.0,0.0,0.0,0
964,2024-02,paid_search,basic,44.85,10.0,9.5,10.16,10.95,10.42,10.12,0
965,2024-04,social,basic,55.81,9.56,0.0,0.0,0.0,0.0,0.0,1
966,2024-06,organic,basic,37.13,9.88,0.0,0.0,0.0,0.0,0.0,1
967,2023-07,paid_search,free,59.86,0.0,0.0,0.0,0.0,0.0,0.0,0
968,2023-10,social,pro,66.84,27.69,28.3,30.53,27.41,29.45,28.15,0
969,2023-07,paid_search,basic,15.98,9.45,10.0,9.62,9.29,9.71,0.0,1
970,2023-01,organic,free,67.47,0.0,0.0,0.0,0.0,0.0,0.0,0
971,2024-04,organic,free,45.52,0.0,0.0,0.0,0.0,0.0,0.0,0
972,2023-04,social,free,68.35,0.0,0.0,0.0,0.0,0.0,0.0,0
973,2024-06,paid_search,free,37.35,0.0,0.0,0.0,0.0,0.0,0.0,0
974,2023-02,organic,basic,33.43,9.28,10.58,10.32,10.32,9.58,10.19,0
975,2023-01,social,free,73.63,0.0,0.0,0.0,0.0,0.0,0.0,0
976,2024-03,organic,free,23.84,0.0,0.0,0.0,0.0,0.0,0.0,0
977,2023-05,social,basic,68.32,10.07,9.61,9.94,9.2,9.46,9.93,0
978,2023-11,organic,free,41.3,0.0,0.0,0.0,0.0,0.0,0.0,0
979,2023-10,referral,pro,43.56,29.23,30.45,28.89,29.43,29.92,28.78,0
980,2023-02,organic,free,28.14,0.0,0.0,0.0,0.0,0.0,0.0,0
981,2023-03,organic,free,47.98,0.0,0.0,0.0,0.0,0.0,0.0,0
982,2023-12,organic,free,29.39,0.0,0.0,0.0,0.0,0.0,0.0,0
983,2023-05,organic,free,7.95,0.0,0.0,0.0,0.0,0.0,0.0,0
984,2023-05,social,free,25.4,0.0,0.0,0.0,0.0,0.0,0.0,0
985,2023-06,referral,basic,5.48,9.79,10.07,10.74,9.59,9.74,11.35,0
986,2023-09,organic,pro,78.38,31.26,31.64,30.73,31.6,28.71,31.44,0
987,2023-02,paid_search,free,77.43,0.0,0.0,0.0,0.0,0.0,0.0,0
988,2023-12,social,basic,34.64,10.34,9.44,9.81,8.96,10.03,0.0,1
989,2023-03,social,basic,59.63,10.46,9.71,9.49,9.46,9.96,10.23,0
990,2023-12,paid_search,pro,30.94,32.27,26.79,32.05,30.2,31.33,30.95,0
991,2024-05,organic,free,55.33,0.0,0.0,0.0,0.0,0.0,0.0,0
992,2023-10,paid_search,free,65.41,0.0,0.0,0.0,0.0,0.0,0.0,0
993,2024-02,paid_search,free,76.01,0.0,0.0,0.0,0.0,0.0,0.0,0
994,2024-05,organic,basic,35.02,9.99,9.97,10.16,9.85,9.88,8.19,0
995,2024-06,paid_search,pro,63.75,30.79,28.78,31.48,31.34,29.24,30.8,0
996,2024-05,organic,free,24.94,0.0,0.0,0.0,0.0,0.0,0.0,0
997,2024-02,social,free,79.27,0.0,0.0,0.0,0.0,0.0,0.0,0
998,2023-09,organic,pro,6.93,30.6,29.09,30.92,32.17,0.0,0.0,1
999,2023-08,paid_search,pro,50.26,31.54,0.0,0.0,0.0,0.0,0.0,1
1000,2023-02,paid_search,pro,54.46,27.88,0.0,0.0,0.0,0.0,0.0,1
